Date_: Day: Week,Campaign_,Adset_,Ad_,Spend,Apps,QApps,TI,SA,BST,Cost App,Cost QApp,Cost TI,Cost SA,CAC,%App > QApp,%App > SA,CPC,CPM,%CTR,%Click > App,%App > TI,%App > BST,Impr,Clicks,%Click > App,%App > QApp
2024-12-30,RMTEU_Germany_Global_Meta_Prospecting_EN_ABO_BG,01_Prospecting_LLA_Lua,01_Video_Lua,237.253786,9.0,5.0,1.0,,,26.361531777777778,47.4507572,237.253786,,,0.5555555555555556,,2.196794314814815,9.784871777951912,0.004454159277436384,0.08333333333333333,0.1111111111111111,,24247,108,0.08333333333333333,0.5555555555555556
2024-12-30,RMTEU_Germany_Global_Meta_Prospecting_EN_ABO_BG,03_Prospecting_FBAudience_Interests_Lua,01_Video_Lua,186.90170799999999,2.0,1.0,,,,93.45085399999999,186.90170799999999,,,,0.5,,2.053864923076923,9.719783036039315,0.004732435384055333,0.02197802197802198,,,19229,91,0.02197802197802198,0.5
2024-12-30,RMTEU_Germany_Global_Meta_Prospecting_EN_ABO_BG,04_Prospecting_Interests_Dorian,03_Video_BG_DEC_1_1,60.849271,4.0,1.0,,,,15.21231775,60.849271,,,,0.25,,2.5353862916666667,8.772962946943483,0.0034602076124567475,0.16666666666666666,,,6936,24,0.16666666666666666,0.25
2024-12-30,RMTEU_Germany_Global_Meta_Prospecting_EN_ABO_BG,04_Prospecting_Interests_Dorian,04_Video_BG_DEC_1_2,121.220092,1.0,1.0,,,,121.220092,121.220092,,,,1.0,,3.673336121212121,11.757525897187195,0.003200775945683802,0.030303030303030304,,,10310,33,0.030303030303030304,1.0
2024-12-30,RMTEU_Germany_Global_Meta_Prospecting_EN_ABO_Tech,04_Prospecting_Broad_BCAS,04_Image_BCAS,242.679409,15.0,7.0,1.0,1.0,1.0,16.178627266666666,34.668487,242.679409,242.679409,242.679409,0.4666666666666667,0.06666666666666667,1.8110403656716418,13.80036445834518,0.007620130793289735,0.11194029850746269,0.06666666666666667,0.06666666666666667,17585,134,0.11194029850746269,0.4666666666666667
2024-12-30,RMTEU_Germany_Global_Meta_Prospecting_EN_ABO_Tech,07_Prospecting_Broad_BCAS,07_Video_BCAS,187.609814,2.0,1.0,,,,93.804907,187.609814,,,,0.5,,2.605691861111111,12.583661815011066,0.004829297739620364,0.027777777777777776,,,14909,72,0.027777777777777776,0.5
2024-12-30,RMTEU_Germany_Global_Meta_Prospecting_EN_ABO_Tech,08_Retargeting_Visitors_30d,04_Image_BCAS,168.730177,9.0,4.0,1.0,,,18.747797444444444,42.18254425,168.730177,,,0.4444444444444444,,1.917388375,12.061632496961899,0.006290656944742298,0.10227272727272728,0.1111111111111111,,13989,88,0.10227272727272728,0.4444444444444444
2025-01-06,BER_Germany_Berlin_Global_Meta_Prospecting_EN_BG,,BG_AllCourses_EN_Prospecting_AllPlacements_Video_Lua,,1.0,1.0,,,,,,,,,1.0,,,,,,,,,,,1.0
2025-01-06,RMTEU_Germany_Global_Meta_Prospecting_EN_ABO_BG,01_Prospecting_LLA_Lua,01_Video_Lua,497.827225,9.0,2.0,,,,55.31413611111111,248.9136125,,,,0.2222222222222222,,2.3262954439252335,10.156008507079033,0.004365743196376841,0.04205607476635514,,,49018,214,0.04205607476635514,0.2222222222222222
2025-01-06,RMTEU_Germany_Global_Meta_Prospecting_EN_ABO_BG,03_Prospecting_FBAudience_Interests_Lua,01_Video_Lua,451.22619499999996,12.0,5.0,1.0,,,37.60218291666666,90.245239,451.22619499999996,,,0.4166666666666667,,2.2674683165829146,10.974467239031032,0.004839964977137854,0.06030150753768844,0.08333333333333333,,41116,199,0.06030150753768844,0.4166666666666667
2025-01-06,RMTEU_Germany_Global_Meta_Prospecting_EN_ABO_BG,04_Prospecting_Interests_Dorian,03_Video_BG_DEC_1_1,343.077357,6.0,4.0,2.0,2.0,,57.1795595,85.76933925,171.5386785,171.5386785,,0.6666666666666666,0.3333333333333333,3.396805514851485,10.17429884341637,0.002995255041518387,0.0594059405940594,0.3333333333333333,,33720,101,0.0594059405940594,0.6666666666666666
2025-01-06,RMTEU_Germany_Global_Meta_Prospecting_EN_ABO_BG,04_Prospecting_Interests_Dorian,04_Video_BG_DEC_1_2,108.292373,3.0,1.0,1.0,1.0,,36.097457666666664,108.292373,108.292373,108.292373,,0.3333333333333333,0.3333333333333333,2.7073093249999998,10.559958361774743,0.0039005363237445147,0.075,0.3333333333333333,,10255,40,0.075,0.3333333333333333
2025-01-06,RMTEU_Germany_Global_Meta_Prospecting_EN_ABO_Tech,03_Prospecting_LLA_CY_Q4,03_Image_CY_LastCallQ4,,1.0,,,,,,,,,,,,,,,,,,,,,
2025-01-06,RMTEU_Germany_Global_Meta_Prospecting_EN_ABO_Tech,04_Prospecting_Broad_BCAS,04_Image_BCAS,492.870483,26.0,11.0,5.0,1.0,,18.956557038461536,44.80640754545454,98.57409659999999,492.870483,,0.4230769230769231,0.038461538461538464,2.1712356079295154,14.827185794651182,0.0068289160975903256,0.1145374449339207,0.19230769230769232,,33241,227,0.1145374449339207,0.4230769230769231
2025-01-06,RMTEU_Germany_Global_Meta_Prospecting_EN_ABO_Tech,05_Prospecting_LLA_BST_Testimonial,05_Video_Gabriela,,1.0,1.0,,,,,,,,,1.0,,,,,,,,,,,1.0
2025-01-06,RMTEU_Germany_Global_Meta_Prospecting_EN_ABO_Tech,07_Prospecting_Broad_BCAS,07_Video_BCAS,137.43954699999998,6.0,3.0,1.0,1.0,,22.90659116666666,45.81318233333332,137.43954699999998,137.43954699999998,,0.5,0.16666666666666666,3.6168301842105257,16.693738248512084,0.004615571480626746,0.15789473684210525,0.16666666666666666,,8233,38,0.15789473684210525,0.5
2025-01-06,RMTEU_Germany_Global_Meta_Prospecting_EN_ABO_Tech,08_Retargeting_Visitors_30d,04_Image_BCAS,361.162767,17.0,9.0,1.0,1.0,,21.244868647058823,40.12919633333333,361.162767,361.162767,,0.5294117647058824,0.058823529411764705,2.3605409607843137,15.978532362960669,0.006769012962881033,0.1111111111111111,0.058823529411764705,,22603,153,0.1111111111111111,0.5294117647058824
2025-01-06,RMTEU_Germany_Global_Meta_Prospecting_EN_ABO_Tech,09_Prospecting_Broad_BCAS,08_Video_BCAS,210.757225,14.0,7.0,1.0,,,15.0540875,30.108175,210.757225,,,0.5,,2.5090145833333333,11.300049595195969,0.0045037799581791865,0.16666666666666666,0.07142857142857142,,18651,84,0.16666666666666666,0.5
2025-01-06,RMTEU_Germany_Global_Meta_Prospecting_EN_ABO_Tech,09_Prospecting_Broad_BCAS,09_Video_BCAS,154.00348599999998,2.0,1.0,1.0,,,77.00174299999999,154.00348599999998,154.00348599999998,,,0.5,,3.666749666666666,16.175137695620208,0.004411301333893498,0.047619047619047616,0.5,,9521,42,0.047619047619047616,0.5
2025-01-13,RMTEU_Germany_Global_Meta_Prospecting_EN_,,BG_Pau_AllCourses_EN_Prospecting_AllPlacements_Video,,1.0,,,,,,,,,,,,,,,,,,,,,
2025-01-13,RMTEU_Germany_Global_Meta_Prospecting_EN_ABO_BG,01_Prospecting_LLA_Lua,01_Video_Lua,872.6927999999999,11.0,3.0,2.0,,,79.33570909090908,290.89759999999995,436.34639999999996,,,0.2727272727272727,,3.2563164179104476,11.782796192533585,0.003618443259299264,0.041044776119402986,0.18181818181818182,,74065,268,0.041044776119402986,0.2727272727272727
2025-01-13,RMTEU_Germany_Global_Meta_Prospecting_EN_ABO_BG,03_Prospecting_FBAudience_Interests_Lua,01_Video_Lua,496.659807,9.0,3.0,2.0,,,55.184423,165.553269,248.3299035,,,0.3333333333333333,,2.9740108203592817,12.81537368081538,0.004309121403689846,0.05389221556886228,0.2222222222222222,,38755,167,0.05389221556886228,0.3333333333333333
2025-01-13,RMTEU_Germany_Global_Meta_Prospecting_EN_ABO_BG,04_Prospecting_Interests_Dorian,03_Video_BG_DEC_1_1,505.511132,6.0,2.0,,,,84.25185533333332,252.755566,,,,0.3333333333333333,,4.860683961538461,12.906886891691773,0.0026553643466271765,0.057692307692307696,,,39166,104,0.057692307692307696,0.3333333333333333
2025-01-13,RMTEU_Germany_Global_Meta_Prospecting_EN_ABO_Tech,04_Prospecting_Broad_BCAS,04_Image_BCAS,963.5983,25.0,11.0,4.0,3.0,,38.543932,87.59984545454546,240.899575,321.19943333333333,,0.44,0.12,3.108381612903226,16.166671699885914,0.005200993221931414,0.08064516129032258,0.16,,59604,310,0.08064516129032258,0.44
2025-01-13,RMTEU_Germany_Global_Meta_Prospecting_EN_ABO_Tech,08_Retargeting_Visitors_30d,04_Image_BCAS,446.25988399999994,10.0,5.0,1.0,1.0,,44.6259884,89.2519768,446.25988399999994,446.25988399999994,,0.5,0.1,3.6578679016393436,20.577299027066903,0.0056254899248397655,0.08196721311475409,0.1,,21687,122,0.08196721311475409,0.5
2025-01-13,RMTEU_Germany_Global_Meta_Prospecting_EN_ABO_Tech,09_Prospecting_Broad_BCAS,08_Video_BCAS,973.444801,28.0,13.0,4.0,3.0,2.0,34.76588575,74.8803693076923,243.36120025,324.48160033333335,486.7224005,0.4642857142857143,0.10714285714285714,3.9895278729508195,11.938248724552366,0.0029923963698798134,0.11475409836065574,0.14285714285714285,0.07142857142857142,81540,244,0.11475409836065574,0.4642857142857143
2025-01-13,RMTEU_Germany_Global_Meta_Prospecting_MK_EN_ValueProp_01,01_Prospecting_Interests,01_Image_1BG,148.931916,,,,,,,,,,,,,4.136997666666667,14.291518664235678,0.0034545629018328376,,,,10421,36,,
2025-01-13,RMTEU_Germany_Global_Meta_Prospecting_MK_EN_ValueProp_01,01_Prospecting_Interests,02_Image_2Certification,70.360857,,,,,,,,,,,,,3.703203,13.298215271215271,0.003591003591003591,,,,5291,19,,
2025-01-13,RMTEU_Germany_Global_Meta_Prospecting_MK_EN_ValueProp_01,01_Prospecting_Interests,03_Image_3BCAS,49.787507,,,,,,,,,,,,,4.9787507,19.87525229540918,0.003992015968063872,,,,2505,10,,
2025-01-13,RMTEU_Germany_Global_Meta_Prospecting_MK_EN_ValueProp_01,01_Prospecting_Interests,04_Image_4Scholarship,49.864059,1.0,,,,,49.864059,,,,,,,6.233007375,14.153862900936701,0.0022707919386886176,0.125,,,3523,8,0.125,
2025-01-20,RMTEU_Germany_Global_Meta_Prospecting_EN_ABO_BG,01_Prospecting_LLA_Lua,01_Video_Lua,37.242548,1.0,1.0,1.0,1.0,1.0,37.242548,37.242548,37.242548,37.242548,37.242548,1.0,1.0,3.1035456666666668,13.1972175761871,0.004252303330970942,0.08333333333333333,1.0,1.0,2822,12,0.08333333333333333,1.0
2025-01-20,RMTEU_Germany_Global_Meta_Prospecting_EN_ABO_BG,03_Prospecting_FBAudience_Interests_Lua,01_Video_Lua,21.424991,1.0,,,,,21.424991,,,,,,,3.060713,15.593152110625908,0.005094614264919942,0.14285714285714285,,,1374,7,0.14285714285714285,
2025-01-20,RMTEU_Germany_Global_Meta_Prospecting_EN_ABO_BG,04_Prospecting_Interests_Dorian,03_Video_BG_DEC_1_1,819.2307969999999,7.0,5.0,4.0,3.0,,117.03297099999999,163.84615939999998,204.80769924999998,273.07693233333333,,0.7142857142857143,0.42857142857142855,3.9386096009615383,11.7722488432246,0.002988935191837908,0.03365384615384615,0.5714285714285714,,69590,208,0.03365384615384615,0.7142857142857143
2025-01-20,RMTEU_Germany_Global_Meta_Prospecting_EN_ABO_BG,05_Prospecting_LLA_BG_Dorian,03_Video_BG_DEC_1_1,1196.268535,12.0,5.0,2.0,1.0,,99.68904458333333,239.253707,598.1342675,1196.268535,,0.4166666666666667,0.08333333333333333,3.987561783333333,9.80114158487227,0.0024579284578956856,0.04,0.16666666666666666,,122054,300,0.04,0.4166666666666667
2025-01-20,RMTEU_Germany_Global_Meta_Prospecting_EN_ABO_Tech,04_Prospecting_Broad_BCAS,04_Image_BCAS,55.969081,3.0,3.0,2.0,2.0,,18.656360333333335,18.656360333333335,27.9845405,27.9845405,,1.0,0.6666666666666666,3.4980675625,17.495805251641137,0.005001562988433885,0.1875,0.6666666666666666,,3199,16,0.1875,1.0
2025-01-20,RMTEU_Germany_Global_Meta_Prospecting_EN_ABO_Tech,08_Retargeting_Visitors_30d,04_Image_BCAS,545.4234309999999,16.0,4.0,1.0,,,34.088964437499996,136.35585774999998,545.4234309999999,,,0.25,,3.8958816499999998,26.31717399276236,0.006755126658624849,0.11428571428571428,0.0625,,20725,140,0.11428571428571428,0.25
2025-01-20,RMTEU_Germany_Global_Meta_Prospecting_EN_ABO_Tech,09_Prospecting_Broad_BCAS,08_Video_BCAS,1771.5089699999999,31.0,10.0,4.0,2.0,1.0,57.14545064516128,177.150897,442.87724249999997,885.7544849999999,1771.5089699999999,0.3225806451612903,0.06451612903225806,5.0326959375,17.253725091064926,0.0034283265481037067,0.08806818181818182,0.12903225806451613,0.03225806451612903,102674,352,0.08806818181818182,0.3225806451612903
2025-01-20,RMTEU_Germany_Global_Meta_Prospecting_EN_ABO_Tech,10_Prospecting_LLA_BST_BCAS,08_Video_BCAS,1732.955469,30.0,14.0,5.0,3.0,,57.7651823,123.7825335,346.5910938,577.651823,,0.4666666666666667,0.1,4.965488449856734,20.3532306328103,0.004098938269284976,0.08595988538681948,0.16666666666666666,,85144,349,0.08595988538681948,0.4666666666666667
2025-01-20,RMTEU_Germany_Global_Meta_Prospecting_MK_EN_ValueProp_01,01_Prospecting_Broad_1BG,05_Video,177.0265,1.0,1.0,,,,177.0265,177.0265,,,,1.0,,6.556537037037037,28.179958611907036,0.004297994269340974,0.037037037037037035,,,6282,27,0.037037037037037035,1.0
2025-01-20,RMTEU_Germany_Global_Meta_Prospecting_MK_EN_ValueProp_01,01_Prospecting_Interests,01_Image_1BG,122.53104499999999,,,,,,,,,,,,,6.449002368421052,17.955897567409142,0.002784290738569754,,,,6824,19,,
2025-01-20,RMTEU_Germany_Global_Meta_Prospecting_MK_EN_ValueProp_01,01_Prospecting_Interests,02_Image_2Certification,50.361647,1.0,,,,,50.361647,,,,,,,5.595738555555555,12.801638790035586,0.002287747839349263,0.1111111111111111,,,3934,9,0.1111111111111111,
2025-01-20,RMTEU_Germany_Global_Meta_Prospecting_MK_EN_ValueProp_01,01_Prospecting_Interests,03_Image_3BCAS,16.439542,,,,,,,,,,,,,8.219771,13.943631891433418,0.0016963528413910093,,,,1179,2,,
2025-01-20,RMTEU_Germany_Global_Meta_Prospecting_MK_EN_ValueProp_01,01_Prospecting_Interests,04_Image_4Scholarship,24.726295999999998,,,,,,,,,,,,,12.363147999999999,12.138584192439861,9.818360333824251E-4,,,,2037,2,,
2025-01-20,RMTEU_Germany_Global_Meta_Prospecting_MK_EN_ValueProp_01,02_Prospecting_Broad_1BCAS,06_Video,180.145994,,,,,,,,,,,,,6.672073851851852,21.346841331911364,0.003199431212228937,,,,8439,27,,
2025-01-27,RMTEU_Germany_Global_Meta_Prospecting_EN_ABO_BG,04_Prospecting_Interests_Dorian,03_Video_BG_DEC_1_1,819.8145059999999,3.0,1.0,,,,273.271502,819.8145059999999,,,,0.3333333333333333,,3.848894394366197,11.874313900435972,0.003085123332512565,0.014084507042253521,,,69041,213,0.014084507042253521,0.3333333333333333
2025-01-27,RMTEU_Germany_Global_Meta_Prospecting_EN_ABO_BG,05_Prospecting_LLA_BG_Dorian,03_Video_BG_DEC_1_1,1142.662997,5.0,2.0,,,,228.53259939999998,571.3314985,,,,0.4,,3.77116500660066,10.660959834673733,0.00282696721464425,0.0165016501650165,,,107182,303,0.0165016501650165,0.4
2025-01-27,RMTEU_Germany_Global_Meta_Prospecting_EN_ABO_Tech,08_Retargeting_Visitors_30d,04_Image_BCAS,514.056249,19.0,5.0,1.0,,,27.055592052631578,102.8112498,514.056249,,,0.2631578947368421,,3.115492418181818,22.75894315314119,0.007305086996945145,0.11515151515151516,0.05263157894736842,,22587,165,0.11515151515151516,0.2631578947368421
2025-01-27,RMTEU_Germany_Global_Meta_Prospecting_EN_ABO_Tech,09_Prospecting_Broad_BCAS,08_Video_BCAS,1603.352933,32.0,8.0,3.0,2.0,,50.10477915625,200.419116625,534.4509776666666,801.6764665,,0.25,0.0625,4.542076297450425,14.802412668371538,0.003258952888281618,0.0906515580736544,0.09375,,108317,353,0.0906515580736544,0.25
2025-01-27,RMTEU_Germany_Global_Meta_Prospecting_EN_ABO_Tech,10_Prospecting_LLA_BST_BCAS,08_Video_BCAS,1592.013668,37.0,10.0,3.0,2.0,,43.02739643243243,159.20136680000002,530.6712226666667,796.006834,,0.2702702702702703,0.05405405405405406,4.655010725146199,17.612524122976843,0.003783562522817537,0.10818713450292397,0.08108108108108109,,90391,342,0.10818713450292397,0.2702702702702703
2025-01-27,RMTEU_Germany_Global_Meta_Prospecting_EN_ABO_Tech,11_Retargeting_Engaged_BCAS,10_Video_BCAS_Engaged,149.343383,2.0,,,,,74.6716915,,,,,,,5.531236407407407,23.604138296190925,0.004267425320056899,0.07407407407407407,,,6327,27,0.07407407407407407,
2025-01-27,RMTEU_Germany_Global_Meta_Prospecting_MK_EN_ValueProp_01,01_Prospecting_Broad_1BG,05_Video,150.223731,,,,,,,,,,,,,2.50372885,4.993807958247457,0.001994548234824812,,,,30082,60,,
2025-01-27,RMTEU_Germany_Global_Meta_Prospecting_MK_EN_ValueProp_01,02_Prospecting_Broad_1BCAS,06_Video,154.92211,,,,,,,,,,,,,5.164070333333333,16.496870407837292,0.0031945479714620383,,,,9391,30,,
2025-02-03,RMTEU_Germany_Global_Meta_Prospecting_EN_ABO_BG,01_Prospecting_LLA_Lua,01_Video_Lua,,1.0,1.0,1.0,,,,,,,,1.0,,,,,,1.0,,,,,1.0
2025-02-03,RMTEU_Germany_Global_Meta_Prospecting_EN_ABO_BG,04_Prospecting_Interests_Dorian,03_Video_BG_DEC_1_1,855.353772,8.0,3.0,2.0,1.0,,106.9192215,285.117924,427.676886,855.353772,,0.375,0.125,4.213565379310345,10.682574896965157,0.002535281628574997,0.03940886699507389,0.25,,80070,203,0.03940886699507389,0.375
2025-02-03,RMTEU_Germany_Global_Meta_Prospecting_EN_ABO_BG,05_Prospecting_LLA_BG_Dorian,03_Video_BG_DEC_1_1,870.424947,9.0,,,,,96.713883,,,,,,,4.125236715639811,12.814311854076495,0.003106321585254542,0.04265402843601896,,,67926,211,0.04265402843601896,
2025-02-03,RMTEU_Germany_Global_Meta_Prospecting_EN_ABO_BG,06_Retargeting_Visitors_30d,05_Image_RET,332.68542299999996,4.0,,,,,83.17135574999999,,,,,,,5.940811124999999,19.3275677104514,0.0032533550223668157,0.07142857142857142,,,17213,56,0.07142857142857142,
2025-02-03,RMTEU_Germany_Global_Meta_Prospecting_EN_ABO_Tech,04_Prospecting_Broad_BCAS,04_Image_BCAS,,1.0,1.0,1.0,1.0,,,,,,,1.0,1.0,,,,,1.0,,,,,1.0
2025-02-03,RMTEU_Germany_Global_Meta_Prospecting_EN_ABO_Tech,08_Retargeting_Visitors_30d,04_Image_BCAS,411.27562,8.0,3.0,,,,51.4094525,137.09187333333333,,,,0.375,,4.470387173913044,22.356796042617958,0.0050010871928680145,0.08695652173913043,,,18396,92,0.08695652173913043,0.375
2025-02-03,RMTEU_Germany_Global_Meta_Prospecting_EN_ABO_Tech,09_Prospecting_Broad_BCAS,08_Video_BCAS,1010.505538,17.0,5.0,2.0,1.0,,59.44150223529412,202.1011076,505.252769,1010.505538,,0.29411764705882354,0.058823529411764705,4.614180538812786,13.63447578055428,0.002954907304962625,0.0776255707762557,0.11764705882352941,,74114,219,0.0776255707762557,0.29411764705882354
2025-02-03,RMTEU_Germany_Global_Meta_Prospecting_EN_ABO_Tech,10_Prospecting_LLA_BST_BCAS,08_Video_BCAS,942.144602,16.0,7.0,,,,58.884037625,134.592086,,,,0.4375,,5.509617555555556,18.75661162651802,0.0034043400358351582,0.0935672514619883,,,50230,171,0.0935672514619883,0.4375
2025-02-03,RMTEU_Germany_Global_Meta_Prospecting_EN_ABO_Tech,11_Retargeting_Engaged_BCAS,10_Video_BCAS_Engaged,528.725526,12.0,5.0,2.0,1.0,1.0,44.0604605,105.74510519999998,264.362763,528.725526,528.725526,0.4166666666666667,0.08333333333333333,4.163193118110236,20.555381618847676,0.004937407666588912,0.09448818897637795,0.16666666666666666,0.08333333333333333,25722,127,0.09448818897637795,0.4166666666666667
2025-02-10,RMTEU_Germany_Global_Meta_Prospecting_EN_ABO_BG,04_Prospecting_Interests_Dorian,03_Video_BG_DEC_1_1,737.377571,3.0,1.0,,,,245.79252366666665,737.377571,,,,0.3333333333333333,,4.696672426751593,14.758768083743645,0.003142388215043433,0.01910828025477707,,,49962,157,0.01910828025477707,0.3333333333333333
2025-02-10,RMTEU_Germany_Global_Meta_Prospecting_EN_ABO_BG,05_Prospecting_LLA_BG_Dorian,03_Video_BG_DEC_1_1,439.561584,2.0,,,,,219.780792,,,,,,,5.052432,14.271016655303399,0.002824583617415019,0.022988505747126436,,,30801,87,0.022988505747126436,
2025-02-10,RMTEU_Germany_Global_Meta_Prospecting_EN_ABO_BG,06_Retargeting_Visitors_30d,05_Image_RET,363.48803399999997,1.0,,,,,363.48803399999997,,,,,,,6.85826479245283,19.342700830140483,0.002820349084716901,0.018867924528301886,,,18792,53,0.018867924528301886,
2025-02-10,RMTEU_Germany_Global_Meta_Prospecting_EN_ABO_BG,07_Prospecting_Interests_Lua,01_Video_Lua,360.263281,2.0,,,,,180.1316405,,,,,,,5.074130718309859,26.74163309085511,0.005270190023752969,0.028169014084507043,,,13472,71,0.028169014084507043,
2025-02-10,RMTEU_Germany_Global_Meta_Prospecting_EN_ABO_Tech,08_Retargeting_Visitors_30d,04_Image_BCAS,412.538728,7.0,2.0,,,,58.934104,206.269364,,,,0.2857142857142857,,5.093070716049382,25.070721847462778,0.004922515952597994,0.08641975308641975,,,16455,81,0.08641975308641975,0.2857142857142857
2025-02-10,RMTEU_Germany_Global_Meta_Prospecting_EN_ABO_Tech,09_Prospecting_Broad_BCAS,08_Video_BCAS,314.58087499999993,7.0,3.0,,,,44.94012499999999,104.86029166666664,,,,0.42857142857142855,,5.243014583333332,16.110046346084903,0.0030726686126901215,0.11666666666666667,,,19527,60,0.11666666666666667,0.42857142857142855
2025-02-10,RMTEU_Germany_Global_Meta_Prospecting_EN_ABO_Tech,09_Prospecting_Broad_BCAS,08_Video_BCAS2,534.1320109999999,2.0,1.0,1.0,,,267.06600549999996,534.1320109999999,534.1320109999999,,,0.5,,5.395272838383837,12.337606795555862,0.0022867438153974084,0.020202020202020204,0.5,,43293,99,0.020202020202020204,0.5
2025-02-10,RMTEU_Germany_Global_Meta_Prospecting_EN_ABO_Tech,10_Prospecting_LLA_BST_BCAS,08_Video_BCAS,247.492616,8.0,1.0,1.0,,,30.936577,247.492616,247.492616,,,0.125,,4.94985232,20.80469199731002,0.004203093476798924,0.16,0.125,,11896,50,0.16,0.125
2025-02-10,RMTEU_Germany_Global_Meta_Prospecting_EN_ABO_Tech,10_Prospecting_LLA_BST_BCAS,08_Video_BCAS2,450.42239900000004,3.0,1.0,1.0,,,150.14079966666668,450.42239900000004,450.42239900000004,,,0.3333333333333333,,4.504223990000001,13.689402151779474,0.0030392365437802026,0.03,0.3333333333333333,,32903,100,0.03,0.3333333333333333
2025-02-10,RMTEU_Germany_Global_Meta_Prospecting_EN_ABO_Tech,11_Retargeting_Engaged_BCAS,10_Video_BCAS_Engaged,578.235532,8.0,4.0,2.0,,,72.2794415,144.558883,289.117766,,,0.5,,4.1302538,19.817517718829258,0.004798135581602577,0.05714285714285714,0.25,,29178,140,0.05714285714285714,0.5
2025-02-17,BER_Germany_Berlin_Global_Meta_Prospecting__EN__,,BG_AllCourses_EN_LookalikeAudience_AllPlacements_Video_Berlin,,1.0,1.0,,,,,,,,,1.0,,,,,,,,,,,1.0
2025-02-17,RMTEU_Germany_Global_Meta_Prospecting_EN_ABO_BG,03_Prospecting_FBAudience_Interests_Lua,01_Video_Lua,,1.0,1.0,1.0,1.0,,,,,,,1.0,1.0,,,,,1.0,,,,,1.0
2025-02-17,RMTEU_Germany_Global_Meta_Prospecting_EN_ABO_BG,04_Prospecting_Interests_Dorian,03_Video_BG_DEC_1_1,613.267641,13.0,5.0,4.0,2.0,,47.174433923076926,122.65352820000001,153.31691025,306.6338205,,0.38461538461538464,0.15384615384615385,4.6814323740458015,16.75228477381993,0.003578452797202797,0.09923664122137404,0.3076923076923077,,36608,131,0.09923664122137404,0.38461538461538464
2025-02-17,RMTEU_Germany_Global_Meta_Prospecting_EN_ABO_BG,06_Retargeting_Visitors_30d,05_Image_RET,303.088506,2.0,1.0,1.0,,,151.544253,303.088506,303.088506,,,0.5,,6.448691617021277,20.941650383472673,0.003247426241967802,0.0425531914893617,0.5,,14473,47,0.0425531914893617,0.5
2025-02-17,RMTEU_Germany_Global_Meta_Prospecting_EN_ABO_BG,07_Prospecting_Interests_Lua,01_Video_Lua,597.229997,9.0,1.0,,,,66.35888855555555,597.229997,,,,0.1111111111111111,,3.663987711656442,15.688916830850868,0.004281923976147319,0.05521472392638037,,,38067,163,0.05521472392638037,0.1111111111111111
2025-02-17,RMTEU_Germany_Global_Meta_Prospecting_EN_ABO_Tech,08_Retargeting_Visitors_30d,04_Image_BCAS,78.982526,3.0,2.0,2.0,,,26.327508666666663,39.491263,39.491263,,,0.6666666666666666,,4.64603094117647,23.047133352786695,0.004960606944849723,0.17647058823529413,0.6666666666666666,,3427,17,0.17647058823529413,0.6666666666666666
2025-02-17,RMTEU_Germany_Global_Meta_Prospecting_EN_ABO_Tech,09_Prospecting_Broad_BCAS,08_Video_BCAS2,172.261138,1.0,1.0,1.0,,,172.261138,172.261138,172.261138,,,1.0,,5.066504058823529,11.755229834857376,0.002320185614849188,0.029411764705882353,1.0,,14654,34,0.029411764705882353,1.0
2025-02-17,RMTEU_Germany_Global_Meta_Prospecting_EN_ABO_Tech,10_Prospecting_LLA_BST_BCAS,08_Video_BCAS2,139.89878000000002,1.0,1.0,1.0,,,139.89878000000002,139.89878000000002,139.89878000000002,,,1.0,,6.661846666666667,13.344027088897368,0.002003052270125906,0.047619047619047616,1.0,,10484,21,0.047619047619047616,1.0
2025-02-17,RMTEU_Germany_Global_Meta_Prospecting_EN_ABO_Tech,11_Retargeting_Engaged_BCAS,10_Video_BCAS_Engaged,124.540535,1.0,1.0,,,,124.540535,124.540535,,,,1.0,,3.773955606060606,19.926485600000003,0.00528,0.030303030303030304,,,6250,33,0.030303030303030304,1.0
2025-02-17,RMTEU_Germany_Global_Meta_Prospecting_EN_BCAS,01_Prospecting_Broad,01_Video_BCAS,793.585877,5.0,3.0,1.0,1.0,,158.7171754,264.52862566666664,793.585877,793.585877,,0.6,0.2,4.723725458333333,19.971961167736254,0.004228010570026425,0.02976190476190476,0.2,,39735,168,0.02976190476190476,0.6
2025-02-17,RMTEU_Germany_Global_Meta_Prospecting_EN_BCAS,02_Prospecting_LLA,01_Video_BCAS,794.447087,6.0,3.0,1.0,1.0,,132.40784783333334,264.81569566666667,794.447087,794.447087,,0.5,0.16666666666666666,4.592179693641619,22.464218492860173,0.004891842216881097,0.03468208092485549,0.16666666666666666,,35365,173,0.03468208092485549,0.5
2025-02-17,RMTEU_Germany_Global_Meta_Prospecting_EN_BCAS,03_Retargeting_Visitors_30d,02_Image_RTG,300.189099,8.0,7.0,4.0,1.0,,37.523637375,42.884157,75.04727475,300.189099,,0.875,0.125,3.094732979381443,19.48773688652298,0.006297065697221501,0.08247422680412371,0.5,,15404,97,0.08247422680412371,0.875
2025-02-24,RMTEU_Germany_Global_Meta_Prospecting_EN_ABO_BG,04_Prospecting_Interests_Dorian,03_Video_BG_DEC_1_1,617.0282579999999,6.0,2.0,2.0,2.0,,102.83804299999998,308.51412899999997,308.51412899999997,308.51412899999997,,0.3333333333333333,0.3333333333333333,4.5705796888888885,12.916377258169181,0.0028259822905109793,0.044444444444444446,0.3333333333333333,,47771,135,0.044444444444444446,0.3333333333333333
2025-02-24,RMTEU_Germany_Global_Meta_Prospecting_EN_ABO_BG,06_Retargeting_Visitors_30d,05_Image_RET,312.580954,,,,,,,,,,,,,6.379203142857143,22.375157766642808,0.0035075161059413026,,,,13970,49,,
2025-02-24,RMTEU_Germany_Global_Meta_Prospecting_EN_ABO_BG,07_Prospecting_Interests_Lua,01_Video_Lua,614.310662,12.0,3.0,1.0,1.0,,51.192555166666665,204.77022066666666,614.310662,614.310662,,0.25,0.08333333333333333,3.356888863387978,12.974922105352087,0.0038651628437460397,0.06557377049180328,0.08333333333333333,,47346,183,0.06557377049180328,0.25
2025-02-24,RMTEU_Germany_Global_Meta_Prospecting_EN_ABO_Tech,09_Prospecting_Broad_BCAS,08_Video_BCAS,,1.0,1.0,1.0,,,,,,,,1.0,,,,,,1.0,,,,,1.0
2025-02-24,RMTEU_Germany_Global_Meta_Prospecting_EN_BCAS,01_Prospecting_Broad,01_Video_BCAS,977.1001590000001,11.0,4.0,1.0,1.0,,88.82728718181819,244.27503975000002,977.1001590000001,977.1001590000001,,0.36363636363636365,0.09090909090909091,4.5873246901408455,16.92622445302891,0.003689781211564779,0.051643192488262914,0.09090909090909091,,57727,213,0.051643192488262914,0.36363636363636365
2025-02-24,RMTEU_Germany_Global_Meta_Prospecting_EN_BCAS,02_Prospecting_LLA,01_Video_BCAS,975.588257,14.0,9.0,4.0,1.0,,69.6848755,108.39869522222222,243.89706425,975.588257,,0.6428571428571429,0.07142857142857142,4.316762199115044,20.037962022716535,0.004641896194055908,0.061946902654867256,0.2857142857142857,,48687,226,0.061946902654867256,0.6428571428571429
2025-02-24,RMTEU_Germany_Global_Meta_Prospecting_EN_BCAS,03_Retargeting_Visitors_30d,02_Image_RTG,367.286927,5.0,5.0,1.0,,,73.45738539999999,73.45738539999999,367.286927,,,1.0,,3.636504227722772,19.356359789196308,0.0053227931488801054,0.04950495049504951,0.2,,18975,101,0.04950495049504951,1.0
2025-03-03,RMTEU_Germany_Global_Meta_Prospecting_EN_ABO_BG,04_Prospecting_Interests_Dorian,03_Video_BG_DEC_1_1,240.30629699999997,3.0,1.0,1.0,,,80.102099,240.30629699999997,240.30629699999997,,,0.3333333333333333,,4.450116611111111,12.545356147220046,0.0028191072826938136,0.05555555555555555,0.3333333333333333,,19155,54,0.05555555555555555,0.3333333333333333
2025-03-03,RMTEU_Germany_Global_Meta_Prospecting_EN_ABO_BG,06_Retargeting_Visitors_30d,05_Image_RET,109.85211999999999,,,,,,,,,,,,,4.394084799999999,17.212804763397052,0.003917267314321529,,,,6382,25,,
2025-03-03,RMTEU_Germany_Global_Meta_Prospecting_EN_ABO_BG,07_Prospecting_Interests_Lua,01_Video_Lua,233.703687,2.0,,,,,116.8518435,,,,,,,2.9212960875,12.807084995615957,0.004384042086804033,0.025,,,18248,80,0.025,
2025-03-03,RMTEU_Germany_Global_Meta_Prospecting_EN_BCAS,01_Prospecting_Broad,01_Video_BCAS,1230.420296,14.0,4.0,1.0,,,87.887164,307.605074,1230.420296,,,0.2857142857142857,,4.732385753846154,15.767543999487408,0.0033318382776959055,0.05384615384615385,0.07142857142857142,,78035,260,0.05384615384615385,0.2857142857142857
2025-03-03,RMTEU_Germany_Global_Meta_Prospecting_EN_BCAS,02_Prospecting_LLA,01_Video_BCAS,1229.8461559999998,12.0,3.0,2.0,1.0,,102.48717966666665,409.9487186666666,614.9230779999999,1229.8461559999998,,0.25,0.08333333333333333,6.02865762745098,19.105593450466824,0.0031691289555855896,0.058823529411764705,0.16666666666666666,,64371,204,0.058823529411764705,0.25
2025-03-03,RMTEU_Germany_Global_Meta_Prospecting_EN_BCAS,03_Retargeting_Visitors_30d,02_Image_RTG,482.038375,11.0,7.0,3.0,1.0,,43.821670454545455,68.862625,160.67945833333332,482.038375,,0.6363636363636364,0.09090909090909091,3.7955777559055117,18.61511392160649,0.004904421703031473,0.08661417322834646,0.2727272727272727,,25895,127,0.08661417322834646,0.6363636363636364
2025-03-03,RMTEU_Germany_Global_Meta_Prospecting_EN_BG,01_Prospecting_Interests_Dorian,01_Video_DEC_1_1,624.4442329999999,5.0,3.0,1.0,,,124.8888466,208.14807766666664,624.4442329999999,,,0.6,,4.625512837037037,14.35404990460428,0.0031032342597062273,0.037037037037037035,0.2,,43503,135,0.037037037037037035,0.6
2025-03-03,RMTEU_Germany_Global_Meta_Prospecting_EN_BG,02_Prospecting_Interests_Dorian2,02_Video_DEC_2_2,626.185791,3.0,1.0,,,,208.728597,626.185791,,,,0.3333333333333333,,4.673028291044776,12.719855999512482,0.002721972820898251,0.022388059701492536,,,49229,134,0.022388059701492536,0.3333333333333333
2025-03-03,RMTEU_Germany_Global_Meta_Prospecting_EN_BG,Retargeting_Visitors_30d,R1_Image_RTG,242.334925,3.0,1.0,,,,80.77830833333333,242.334925,,,,0.3333333333333333,,3.5637488970588236,16.6874345820135,0.004682550612863242,0.04411764705882353,,,14522,68,0.04411764705882353,0.3333333333333333
2025-03-10,RMTEU_Germany_Global_Meta_Prospecting_EN_BCAS,01_Prospecting_Broad,01_Video_BCAS,1449.9714319999998,16.0,13.0,5.0,1.0,,90.62321449999999,111.53626399999999,289.99428639999996,1449.9714319999998,,0.8125,0.0625,5.89419281300813,15.18294693193717,0.002575916230366492,0.06504065040650407,0.3125,,95500,246,0.06504065040650407,0.8125
2025-03-10,RMTEU_Germany_Global_Meta_Prospecting_EN_BCAS,02_Prospecting_LLA,01_Video_BCAS,1460.3346589999999,16.0,6.0,4.0,2.0,1.0,91.27091618749999,243.38910983333332,365.08366474999997,730.1673294999999,1460.3346589999999,0.375,0.125,6.668194789954337,18.57483126216309,0.0027855861814574086,0.0730593607305936,0.25,0.0625,78619,219,0.0730593607305936,0.375
2025-03-10,RMTEU_Germany_Global_Meta_Prospecting_EN_BCAS,03_Retargeting_Visitors_30d,02_Image_RTG,638.06092,17.0,7.0,2.0,1.0,1.0,37.53299529411765,91.15156,319.03046,638.06092,638.06092,0.4117647058823529,0.058823529411764705,3.4120904812834225,18.701592121460813,0.005480977782988452,0.09090909090909091,0.11764705882352941,0.058823529411764705,34118,187,0.09090909090909091,0.4117647058823529
2025-03-10,RMTEU_Germany_Global_Meta_Prospecting_EN_BG,01_Prospecting_Interests_Dorian,01_Video_DEC_1_1,1051.680945,4.0,3.0,1.0,,,262.92023625,350.560315,1051.680945,,,0.75,,4.51365212446352,15.667033309994489,0.003471032520446318,0.017167381974248927,0.25,,67127,233,0.017167381974248927,0.75
2025-03-10,RMTEU_Germany_Global_Meta_Prospecting_EN_BG,02_Prospecting_Interests_Dorian2,02_Video_DEC_2_2,1046.8198929999999,7.0,1.0,1.0,1.0,,149.54569899999998,1046.8198929999999,1046.8198929999999,1046.8198929999999,,0.14285714285714285,0.14285714285714285,5.340917821428571,13.650374152409762,0.0025558105570623827,0.03571428571428571,0.14285714285714285,,76688,196,0.03571428571428571,0.14285714285714285
2025-03-10,RMTEU_Germany_Global_Meta_Prospecting_EN_BG,Retargeting_Visitors_30d,R1_Image_RTG,442.21219699999995,,,,,,,,,,,,,6.803264569230769,18.89472726884293,0.0027773030251239104,,,,23404,65,,
2025-03-17,RMTEU_Germany_Global_Meta_Prospecting_EN_BCAS,01_Prospecting_Broad,01_Video_BCAS,1817.181807,16.0,6.0,2.0,,,113.5738629375,302.8636345,908.5909035,,,0.375,,6.309659052083333,14.215501771870672,0.0022529746305669203,0.05555555555555555,0.125,,127831,288,0.05555555555555555,0.375
2025-03-17,RMTEU_Germany_Global_Meta_Prospecting_EN_BCAS,02_Prospecting_LLA,01_Video_BCAS,1821.2007869999998,11.0,5.0,3.0,1.0,,165.56370790909088,364.24015739999993,607.066929,1821.2007869999998,,0.45454545454545453,0.09090909090909091,6.390178199999999,15.715722506989747,0.0024593559076317695,0.03859649122807018,0.2727272727272727,,115884,285,0.03859649122807018,0.45454545454545453
2025-03-17,RMTEU_Germany_Global_Meta_Prospecting_EN_BCAS,03_Retargeting_Visitors_30d,02_Image_RTG,806.1882499999999,14.0,5.0,2.0,2.0,,57.584875,161.23764999999997,403.09412499999996,403.09412499999996,,0.35714285714285715,0.14285714285714285,4.220880890052356,22.84013513896365,0.005411224749978752,0.07329842931937172,0.14285714285714285,,35297,191,0.07329842931937172,0.35714285714285715
2025-03-17,RMTEU_Germany_Global_Meta_Prospecting_EN_BCAS,04_Prospecting_Broad_DE,03_Video_DE,1172.8244849999999,8.0,3.0,1.0,,,146.60306062499998,390.941495,1172.8244849999999,,,0.375,,5.834947686567164,27.877929284525788,0.0047777513667696695,0.03980099502487562,0.125,,42070,201,0.03980099502487562,0.375
2025-03-17,RMTEU_Germany_Global_Meta_Prospecting_EN_BG,01_Prospecting_Interests_Dorian,01_Video_DEC_1_1,605.7176999999999,7.0,3.0,2.0,1.0,,86.5311,201.90589999999997,302.85884999999996,605.7176999999999,,0.42857142857142855,0.14285714285714285,5.005931404958677,15.909376723662435,0.0031781052189215455,0.05785123966942149,0.2857142857142857,,38073,121,0.05785123966942149,0.42857142857142855
2025-03-17,RMTEU_Germany_Global_Meta_Prospecting_EN_BG,02_Prospecting_Interests_Dorian2,02_Video_DEC_2_2,709.034193,4.0,2.0,,,,177.25854825,354.5170965,,,,0.5,,5.41247475572519,14.942135062800302,0.002760684481159909,0.030534351145038167,,,47452,131,0.030534351145038167,0.5
2025-03-17,RMTEU_Germany_Global_Meta_Prospecting_EN_BG,03_Prospecting_LLABG,01_Video_DEC_1_1,11.454092999999999,,,,,,,,,,,,,3.8180309999999995,16.770267935578328,0.004392386530014641,,,,683,3,,
2025-03-17,RMTEU_Germany_Global_Meta_Prospecting_EN_BG,03_Prospecting_LLABG,02_Video_DEC_2_2,47.289998000000004,,,,,,,,,,,,,9.4579996,16.340704215618523,0.0017277125086385626,,,,2894,5,,
2025-03-17,RMTEU_Germany_Global_Meta_Prospecting_EN_BG,03_Prospecting_LLABG,03IM_StudyTech100Free,48.811469,,,,,,,,,,,,,12.20286725,18.933851435221104,0.0015515903801396431,,,,2578,4,,
2025-03-17,RMTEU_Germany_Global_Meta_Prospecting_EN_BG,03_Prospecting_LLABG,04CA_StudyTech100Free,10.439779000000001,,,,,,,,,,,,,2.0879558000000005,22.744616557734208,0.010893246187363835,,,,459,5,,
2025-03-17,RMTEU_Germany_Global_Meta_Prospecting_EN_BG,Prospecting_Interests_en,01VID_ThisIsHowToGetFree,119.82301799999999,,,,,,,,,,,,,3.9941006,20.835162232655186,0.005216484089723527,,,,5751,30,,
2025-03-17,RMTEU_Germany_Global_Meta_Prospecting_EN_BG,Prospecting_Interests_en,02VID_RegisterAtJobCenter,104.455204,3.0,1.0,,,,34.818401333333334,104.455204,,,,0.3333333333333333,,4.747963818181818,24.485514299109234,0.005157055789967183,0.13636363636363635,,,4266,22,0.13636363636363635,0.3333333333333333
2025-03-17,RMTEU_Germany_Global_Meta_Prospecting_EN_BG,Prospecting_Interests_en,03IMA_StudyTech100Free,38.189879,,,,,,,,,,,,,6.364979833333333,24.702379689521344,0.0038809831824062097,,,,1546,6,,
2025-03-17,RMTEU_Germany_Global_Meta_Prospecting_EN_BG,Prospecting_Interests_en,04CAR_StudyTech100Free,9.042705,,,,,,,,,,,,,9.042705,24.24317694369973,0.002680965147453083,,,,373,1,,
2025-03-17,RMTEU_Germany_Global_Meta_Prospecting_EN_BG,Retargeting_Visitors_30d,R1_Image_RTG,226.49823,1.0,1.0,,,,226.49823,226.49823,,,,1.0,,7.0780696875,16.213187544738727,0.002290622763063708,0.03125,,,13970,32,0.03125,1.0
2025-03-17,RMTEU_Germany_Global_Meta_Prospecting_EN_BG,Retargeting_Visitors_30d,R2_I_StudyTech100Free,236.96671600000002,2.0,1.0,1.0,,,118.48335800000001,236.96671600000002,236.96671600000002,,,0.5,,8.171266068965519,17.75962796972195,0.0021734242674061304,0.06896551724137931,0.5,,13343,29,0.06896551724137931,0.5
2025-03-24,RMTEU_Germany_Global_Meta_Prospecting_EN_ABO_BG,04_Prospecting_Interests_Dorian,03_Video_BG_DEC_1_1,688.269463,3.0,2.0,1.0,,,229.42315433333331,344.1347315,688.269463,,,0.6666666666666666,,5.9849518521739125,18.788749262939508,0.0031393317318191747,0.02608695652173913,0.3333333333333333,,36632,115,0.02608695652173913,0.6666666666666666
2025-03-24,RMTEU_Germany_Global_Meta_Prospecting_EN_ABO_BG,06_Retargeting_Visitors_30d,05_Image_RET,235.88541899999998,2.0,,,,,117.94270949999999,,,,,,,4.9142795625,13.272121701457266,0.002700725820064142,0.041666666666666664,,,17773,48,0.041666666666666664,
2025-03-24,RMTEU_Germany_Global_Meta_Prospecting_EN_BCAS,01_Prospecting_Broad,01_Video_BCAS,821.422098,7.0,4.0,2.0,,,117.346014,205.3555245,410.711049,,,0.5714285714285714,,4.69384056,24.066040607054962,0.005127153404429861,0.04,0.2857142857142857,,34132,175,0.04,0.5714285714285714
2025-03-24,RMTEU_Germany_Global_Meta_Prospecting_EN_BCAS,02_Prospecting_LLA,01_Video_BCAS,837.651122,12.0,6.0,4.0,,,69.80426016666667,139.60852033333333,209.4127805,,,0.5,,4.927359541176471,23.282314803491023,0.004725109789315693,0.07058823529411765,0.3333333333333333,,35978,170,0.07058823529411765,0.5
2025-03-24,RMTEU_Germany_Global_Meta_Prospecting_EN_BCAS,03_Retargeting_Visitors_30d,02_Image_RTG,547.356369,14.0,5.0,3.0,,,39.0968835,109.47127379999999,182.452123,,,0.35714285714285715,,3.577492607843137,26.40406989869754,0.007380607814761216,0.0915032679738562,0.21428571428571427,,20730,153,0.0915032679738562,0.35714285714285715
2025-03-24,RMTEU_Germany_Global_Meta_Prospecting_EN_BCAS,04_Prospecting_Broad_DE,03_Video_DE,807.939377,7.0,1.0,,,,115.419911,807.939377,,,,0.14285714285714285,,6.732828141666667,42.62857473750858,0.006331451485252994,0.058333333333333334,,,18953,120,0.058333333333333334,0.14285714285714285
2025-03-24,RMTEU_Germany_Global_Meta_Prospecting_EN_BG,Prospecting_Interests_en,01VID_ThisIsHowToGetFree,15.300831,,,,,,,,,,,,,15.300831,30.23879644268775,0.001976284584980237,,,,506,1,,
2025-03-24,RMTEU_Germany_Global_Meta_Prospecting_EN_BG,Prospecting_Interests_en,02VID_RegisterAtJobCenter,12.047371,,,,,,,,,,,,,,26.18993695652174,,,,,460,,,
2025-03-24,RMTEU_Germany_Global_Meta_Prospecting_EN_BG,Prospecting_Interests_en,03IMA_StudyTech100Free,0.31577700000000003,,,,,,,,,,,,,,18.575117647058825,,,,,17,,,
2025-03-24,RMTEU_Germany_Global_Meta_Prospecting_EN_BG,Prospecting_Interests_en,04CAR_StudyTech100Free,0.19138,,,,,,,,,,,,,,15.948333333333332,,,,,12,,,
2025-03-24,RMTEU_Germany_Global_Meta_Prospecting_EN_BG,Retargeting_Visitors_30d,R2_I_StudyTech100Free,16.085489,,,,,,,,,,,,,16.085489,52.73930819672131,0.003278688524590164,,,,305,1,,
2025-03-31,RMTEU_Germany_Global_Meta_Prospecting_EN_ABO_BG,04_Prospecting_Interests_Dorian,03_Video_BG_DEC_1_1,112.014714,,,,,,,,,,,,,5.8955112631578945,23.996296915167097,0.004070265638389032,,,,4668,19,,
2025-03-31,RMTEU_Germany_Global_Meta_Prospecting_EN_ABO_BG,06_Retargeting_Visitors_30d,05_Image_RET,12.736339000000001,,,,,,,,,,,,,3.1840847500000002,46.4829890510949,0.014598540145985401,,,,274,4,,
2025-03-31,RMTEU_Germany_Global_Meta_Prospecting_EN_ABO_BG,Prospecting_LLA2_BG_Dorian_en,03_Video_BG_DEC_1_1,540.638931,5.0,2.0,1.0,1.0,,108.12778619999999,270.3194655,540.638931,540.638931,,0.4,0.2,4.701208095652174,18.17090481632104,0.0038651564548112796,0.043478260869565216,0.2,,29753,115,0.043478260869565216,0.4
2025-03-31,RMTEU_Germany_Global_Meta_Prospecting_EN_ABO_BG,Prospecting_LLA2_BG_Lua_en,01_Video_Lua,535.940552,10.0,5.0,3.0,1.0,,53.5940552,107.1881104,178.64685066666667,535.940552,,0.5,0.1,2.896975956756757,15.112242048274307,0.005216557635912475,0.05405405405405406,0.3,,35464,185,0.05405405405405406,0.5
2025-03-31,RMTEU_Germany_Global_Meta_Prospecting_EN_BCAS,01_Prospecting_Broad,01_Video_BCAS,675.877608,7.0,6.0,4.0,2.0,,96.553944,112.646268,168.969402,337.938804,,0.8571428571428571,0.2857142857142857,4.446563210526316,27.857456433929602,0.0062649410600939745,0.046052631578947366,0.5714285714285714,,24262,152,0.046052631578947366,0.8571428571428571
2025-03-31,RMTEU_Germany_Global_Meta_Prospecting_EN_BCAS,02_Prospecting_LLA,01_Video_BCAS,832.455155,10.0,4.0,2.0,1.0,,83.2455155,208.11378875,416.2275775,832.455155,,0.4,0.1,4.650587458100558,30.775819993345408,0.006617619875041591,0.055865921787709494,0.2,,27049,179,0.055865921787709494,0.4
2025-03-31,RMTEU_Germany_Global_Meta_Prospecting_EN_BCAS,03_Retargeting_Visitors_30d,02_Image_RTG,468.909707,19.0,8.0,3.0,1.0,,24.679458263157898,58.613713375,156.30323566666667,468.909707,,0.42105263157894735,0.05263157894736842,2.7582923941176474,15.537615792438451,0.005633056098611617,0.11176470588235295,0.15789473684210525,,30179,170,0.11176470588235295,0.42105263157894735
2025-03-31,RMTEU_Germany_Global_Meta_Prospecting_EN_BCAS,04_Prospecting_Broad_DE,03_Video_DE,644.0989589999999,5.0,2.0,,,,128.8197918,322.04947949999996,,,,0.4,,7.0780105384615375,36.43505820794207,0.005147641135875099,0.054945054945054944,,,17678,91,0.054945054945054944,0.4
2025-03-31,RMTEU_Germany_Global_Meta_Prospecting_ThisIsMyStory,01_Prospecting_LLA1_BSTCRM,01_Video_BarryProdDesigner,242.82294399999998,4.0,1.0,1.0,,,60.705735999999995,242.82294399999998,242.82294399999998,,,0.25,,3.3263416986301366,19.184873508730345,0.005767559453266967,0.0547945205479452,0.25,,12657,73,0.0547945205479452,0.25
2025-03-31,RMTEU_Germany_Global_Meta_Prospecting_ThisIsMyStory,02_Prospecting_InterestsTech,02_Image_LaunchUrTechCareer,108.043579,2.0,1.0,1.0,,,54.0217895,108.043579,108.043579,,,0.5,,3.601452633333333,20.274644210921373,0.00562957402889848,0.06666666666666667,0.5,,5329,30,0.06666666666666667,0.5
2025-03-31,RMTEU_Germany_Global_Meta_Prospecting_ThisIsMyStory,03_Prospecting_LLA2_BSTUX_Berlin,01_Video_BarryProdDesigner,241.282335,,,,,,,,,,,,,3.4468905,14.59928208386277,0.004235493434985175,,,,16527,70,,
2025-03-31,RMTEU_Germany_Global_Meta_Prospecting_ThisIsMyStory,04_Prospecting_InterestsUX_Berlin,02_Image_BecomeAUXDesigner,102.474421,,,,,,,,,,,,,4.269767541666667,15.076419155509784,0.003530969545387671,,,,6797,24,,
2025-04-07,RMTEU_Germany_Global_Meta_Prospecting_EN_ABO_BG,Prospecting_LLA2_BG_Dorian_en,03_Video_BG_DEC_1_1,588.828415,2.0,1.0,1.0,1.0,,294.4142075,588.828415,588.828415,588.828415,,0.5,0.5,4.1176812237762235,15.019217319219486,0.003647493942099222,0.013986013986013986,0.5,,39205,143,0.013986013986013986,0.5
2025-04-07,RMTEU_Germany_Global_Meta_Prospecting_EN_ABO_BG,Prospecting_LLA2_BG_Lua_en,01_Video_Lua,779.3280669999999,11.0,5.0,3.0,2.0,,70.84800609090908,155.86561339999997,259.7760223333333,389.66403349999996,,0.45454545454545453,0.18181818181818182,2.5891297906976742,11.492310722132924,0.004438676949847374,0.036544850498338874,0.2727272727272727,,67813,301,0.036544850498338874,0.45454545454545453
2025-04-07,RMTEU_Germany_Global_Meta_Prospecting_EN_BCAS,01_Prospecting_Broad,01_Video_BCAS,665.849296,9.0,5.0,3.0,,,73.9832551111111,133.1698592,221.94976533333332,,,0.5555555555555556,,3.916760564705882,23.338566281107603,0.005958640028040659,0.052941176470588235,0.3333333333333333,,28530,170,0.052941176470588235,0.5555555555555556
2025-04-07,RMTEU_Germany_Global_Meta_Prospecting_EN_BCAS,02_Prospecting_LLA,01_Video_BCAS,956.344998,13.0,5.0,2.0,2.0,,73.56499984615385,191.2689996,478.172499,478.172499,,0.38461538461538464,0.15384615384615385,3.7800197549407115,27.016158592050623,0.007147094550693523,0.05138339920948617,0.15384615384615385,,35399,253,0.05138339920948617,0.38461538461538464
2025-04-07,RMTEU_Germany_Global_Meta_Prospecting_EN_BCAS,03_Retargeting_Visitors_30d,02_Image_RTG,544.610066,10.0,6.0,,,,54.4610066,90.76834433333333,,,,0.6,,2.8815347407407406,14.884123148401201,0.005165345722875103,0.05291005291005291,,,36590,189,0.05291005291005291,0.6
2025-04-07,RMTEU_Germany_Global_Meta_Prospecting_EN_BCAS,04_Prospecting_Broad_DE,03_Video_DE,121.172247,1.0,1.0,1.0,,,121.172247,121.172247,121.172247,,,1.0,,6.7317915,30.209984293193717,0.004487658937920718,0.05555555555555555,1.0,,4011,18,0.05555555555555555,1.0
2025-04-07,RMTEU_Germany_Global_Meta_Prospecting_EN_BCAS,05_Prospecting_Interests_Tech,04_Video_Interview,371.707805,13.0,4.0,2.0,,,28.592908076923077,92.92695125,185.8539025,,,0.3076923076923077,,1.9877422727272727,13.795056782334385,0.00694006309148265,0.06951871657754011,0.15384615384615385,,26945,187,0.06951871657754011,0.3076923076923077
2025-04-07,RMTEU_Germany_Global_Meta_Prospecting_EN_BG,Retargeting_Visitors_30d,R2_I_StudyTech100Free,,1.0,1.0,,,,,,,,,1.0,,,,,,,,,,,1.0
2025-04-07,RMTEU_Germany_Global_Meta_Prospecting_ThisIsMyStory,01_Prospecting_LLA1_BSTCRM,01_Video_BarryProdDesigner,176.519343,3.0,1.0,,,,58.839780999999995,176.519343,,,,0.3333333333333333,,4.2028415,22.23725661375661,0.005291005291005291,0.07142857142857142,,,7938,42,0.07142857142857142,0.3333333333333333
2025-04-07,RMTEU_Germany_Global_Meta_Prospecting_ThisIsMyStory,02_Prospecting_InterestsTech,02_Image_LaunchUrTechCareer,11.96125,,,,,,,,,,,,,3.987083333333333,24.611625514403293,0.006172839506172839,,,,486,3,,
2025-04-07,RMTEU_Germany_Global_Meta_Prospecting_ThisIsMyStory,02_Prospecting_InterestsTech,03_Image_LaunchUrTechCareer,161.783083,2.0,1.0,1.0,1.0,,80.8915415,161.783083,161.783083,161.783083,,0.5,0.5,5.05572134375,20.956357901554405,0.004145077720207254,0.0625,0.5,,7720,32,0.0625,0.5
2025-04-07,RMTEU_Germany_Global_Meta_Prospecting_ThisIsMyStory,03_Prospecting_LLA2_BSTUX_Berlin,01_Video_BarryProdDesigner,181.51436099999998,,,,,,,,,,,,,3.1295579482758615,20.310435381000335,0.006489873559359964,,,,8937,58,,
2025-04-07,RMTEU_Germany_Global_Meta_Prospecting_ThisIsMyStory,04_Prospecting_InterestsUX_Berlin,02_Image_BecomeAUXDesigner,7.530803,,,,,,,,,,,,,2.5102676666666666,21.035762569832404,0.008379888268156424,,,,358,3,,
2025-04-07,RMTEU_Germany_Global_Meta_Prospecting_ThisIsMyStory,04_Prospecting_InterestsUX_Berlin,03_Image_BecomeAUXDesigner,165.811632,1.0,,,,,165.811632,,,,,,,5.5270544,18.40715275310835,0.0033303730017761987,0.03333333333333333,,,9008,30,0.03333333333333333,
2025-04-07,RMTEU_Germany_Global_Meta_Prospecting_ThisIsMyStory,05_Prospecting_Broad,03_Video_Barry2,243.26311799999996,1.0,,,,,243.26311799999996,,,,,,,4.7698650588235285,19.498486534145556,0.004087848669445335,0.0196078431372549,,,12476,51,0.0196078431372549,
2025-04-07,RMTEU_Germany_Global_Meta_Prospecting_ThisIsMyStory,06_Prospecting_Broad_Berlin,03_Video_Barry2,242.555012,1.0,1.0,,,,242.555012,242.555012,,,,1.0,,5.64081423255814,18.569515541264735,0.0032919920379727453,0.023255813953488372,,,13062,43,0.023255813953488372,1.0
2025-04-14,RMTEU_Germany_Global_Meta_Prospecting_EN_ABO_BG,09_Prospecting_Interests_BGTech,07_Video_Dorian_2504BG_h1,205.723931,,,,,,,,,,,,,3.6736416249999997,12.573275333088864,0.003422564478670089,,,,16362,56,,
2025-04-14,RMTEU_Germany_Global_Meta_Prospecting_EN_ABO_BG,Prospecting_LLA2_BG_Dorian_en,03_Video_BG_DEC_1_1,304.629115,1.0,,,,,304.629115,,,,,,,5.252226120689655,23.725008956386297,0.004517133956386293,0.017241379310344827,,,12840,58,0.017241379310344827,
2025-04-14,RMTEU_Germany_Global_Meta_Prospecting_EN_ABO_BG,Prospecting_LLA2_BG_Lua_en,01_Video_Lua,925.475404,8.0,6.0,4.0,1.0,,115.6844255,154.24590066666667,231.368851,925.475404,,0.75,0.125,2.8831009470404987,14.293277178025916,0.004957605522865218,0.024922118380062305,0.5,,64749,321,0.024922118380062305,0.75
2025-04-14,RMTEU_Germany_Global_Meta_Prospecting_EN_ABO_Tech,08_Retargeting_Visitors_30d,04_Image_BCAS,,1.0,,,,,,,,,,,,,,,,,,,,,
2025-04-14,RMTEU_Germany_Global_Meta_Prospecting_EN_ABO_Tech,10_Prospecting_LLA_BST_BCAS,08_Video_BCAS,,1.0,1.0,1.0,1.0,1.0,,,,,,1.0,1.0,,,,,1.0,1.0,,,,1.0
2025-04-14,RMTEU_Germany_Global_Meta_Prospecting_EN_BCAS,01_Prospecting_Broad,01_Video_BCAS,680.269779,6.0,3.0,2.0,,,113.37829649999999,226.75659299999998,340.1348895,,,0.5,,4.7571313216783215,25.490680068947427,0.005358414209165511,0.04195804195804196,0.3333333333333333,,26687,143,0.04195804195804196,0.5
2025-04-14,RMTEU_Germany_Global_Meta_Prospecting_EN_BCAS,02_Prospecting_LLA,01_Video_BCAS,943.895729,8.0,5.0,3.0,2.0,,117.986966125,188.77914579999998,314.6319096666667,471.9478645,,0.625,0.25,4.369887634259259,27.64455626171509,0.006326148078725398,0.037037037037037035,0.375,,34144,216,0.037037037037037035,0.625
2025-04-14,RMTEU_Germany_Global_Meta_Prospecting_EN_BCAS,03_Retargeting_Visitors_30d,02_Image_RTG,176.35667,5.0,3.0,,,,35.271334,58.78555666666667,,,,0.6,,2.9890961016949156,17.85890329113924,0.005974683544303797,0.0847457627118644,,,9875,59,0.0847457627118644,0.6
2025-04-14,RMTEU_Germany_Global_Meta_Prospecting_EN_BCAS,03_Retargeting_Visitors_30d,R3_Image_LastCallMay25,369.114606,12.0,4.0,2.0,,,30.7595505,92.2786515,184.557303,,,0.3333333333333333,,2.655500762589928,20.06930219660722,0.007557633753806002,0.08633093525179857,0.16666666666666666,,18392,139,0.08633093525179857,0.3333333333333333
2025-04-14,RMTEU_Germany_Global_Meta_Prospecting_EN_BCAS,05_Prospecting_Interests_Tech,04_Video_Interview,658.787374,20.0,11.0,1.0,1.0,,32.9393687,59.88976127272727,658.787374,658.787374,,0.55,0.05,1.9842993192771083,11.981873594994726,0.006038339820304827,0.060240963855421686,0.05,,54982,332,0.060240963855421686,0.55
2025-04-14,RMTEU_Germany_Global_Meta_Prospecting_EN_BG,02_Prospecting_Interests_Dorian2,02_Video_DEC_2_2,,1.0,,,,,,,,,,,,,,,,,,,,,
2025-04-14,RMTEU_Germany_Global_Meta_Prospecting_MK_LastCall,01_Prospecting_Broad,01_Video_Ellen,124.798898,1.0,1.0,1.0,1.0,,124.798898,124.798898,124.798898,124.798898,,1.0,1.0,2.8363385909090906,27.42230235113162,0.00966820479015601,0.022727272727272728,1.0,,4551,44,0.022727272727272728,1.0
2025-04-14,RMTEU_Germany_Global_Meta_Prospecting_MK_LastCall,01_Prospecting_Broad,02_Video_Lua,163.82128,2.0,2.0,2.0,1.0,,81.91064,81.91064,81.91064,163.82128,,1.0,0.5,4.427602162162162,28.984656758669495,0.006546355272469922,0.05405405405405406,1.0,,5652,37,0.05405405405405406,1.0
2025-04-14,RMTEU_Germany_Global_Meta_Prospecting_Tech,01_Prospecting_LLA2_BST_QApps,01_Video_Elsa_2408,426.576451,2.0,1.0,,,,213.2882255,426.576451,,,,0.5,,3.8430310900900904,22.084098726444402,0.005746531372955064,0.018018018018018018,,,19316,111,0.018018018018018018,0.5
2025-04-14,RMTEU_Germany_Global_Meta_Prospecting_Tech,02_Prospecting_Interests_Tech,02_Video_Marie_2408,475.502748,11.0,6.0,2.0,,,43.22752254545455,79.250458,237.751374,,,0.5454545454545454,,1.656804,15.153534147041015,0.00914624430351509,0.03832752613240418,0.18181818181818182,,31379,287,0.03832752613240418,0.5454545454545454
2025-04-14,RMTEU_Germany_Global_Meta_Prospecting_Tech,03_Prospecting_Broad,03_Video_Shea_2408,445.81014100000004,4.0,1.0,1.0,1.0,,111.45253525000001,445.81014100000004,445.81014100000004,445.81014100000004,,0.25,0.25,3.876609921739131,23.62158326710115,0.0060933608859216875,0.034782608695652174,0.25,,18873,115,0.034782608695652174,0.25
2025-04-21,RMTEU_Germany_Global_Meta_Prospecting_EN_ABO_BG,03_Prospecting_FBAudience_Interests_Lua,01_Video_Lua,,1.0,1.0,1.0,1.0,,,,,,,1.0,1.0,,,,,1.0,,,,,1.0
2025-04-21,RMTEU_Germany_Global_Meta_Prospecting_EN_ABO_BG,06_Retargeting_Visitors_30d,05_Image_RET,,1.0,,,,,,,,,,,,,,,,,,,,,
2025-04-21,RMTEU_Germany_Global_Meta_Prospecting_EN_ABO_BG,09_Prospecting_Interests_BGTech,07_Video_Dorian_2504BG_h1,466.842803,4.0,3.0,,,,116.71070075,155.61426766666668,,,,0.75,,4.131352238938053,15.286273837590045,0.0037000654878847415,0.035398230088495575,,,30540,113,0.035398230088495575,0.75
2025-04-21,RMTEU_Germany_Global_Meta_Prospecting_EN_ABO_BG,Prospecting_LLA2_BG_Lua_en,01_Video_Lua,967.818229,8.0,3.0,2.0,2.0,,120.977278625,322.6060763333333,483.9091145,483.9091145,,0.375,0.25,3.101981503205128,15.196480113680972,0.004898958971218616,0.02564102564102564,0.25,,63687,312,0.02564102564102564,0.375
2025-04-21,RMTEU_Germany_Global_Meta_Prospecting_EN_BCAS,01_Prospecting_Broad,01_Video_BCAS,26.754924,,,,,,,,,,,,,3.3443655,24.888301395348837,0.0074418604651162795,,,,1075,8,,
2025-04-21,RMTEU_Germany_Global_Meta_Prospecting_EN_BCAS,02_Prospecting_LLA,01_Video_BCAS,924.805574,9.0,7.0,3.0,1.0,,102.75617488888889,132.115082,308.2685246666667,924.805574,,0.7777777777777778,0.1111111111111111,3.7901867786885246,26.630736141906873,0.0070262331903130125,0.036885245901639344,0.3333333333333333,,34727,244,0.036885245901639344,0.7777777777777778
2025-04-21,RMTEU_Germany_Global_Meta_Prospecting_EN_BCAS,03_Retargeting_Visitors_30d,R3_Image_LastCallMay25,704.919523,20.0,8.0,4.0,2.0,1.0,35.245976150000004,88.114940375,176.22988075,352.4597615,704.919523,0.4,0.1,2.1168754444444446,13.194315932317599,0.006232920300977053,0.06006006006006006,0.2,0.05,53426,333,0.06006006006006006,0.4
2025-04-21,RMTEU_Germany_Global_Meta_Prospecting_EN_BCAS,05_Prospecting_Interests_Tech,04_Video_Interview,904.624553,21.0,11.0,4.0,2.0,,43.077359666666666,82.23859572727272,226.15613825,452.3122765,,0.5238095238095238,0.09523809523809523,2.2117959731051346,12.77429610539991,0.005775530953456846,0.05134474327628362,0.19047619047619047,,70816,409,0.05134474327628362,0.5238095238095238
2025-04-21,RMTEU_Germany_Global_Meta_Prospecting_MK_LastCall,01_Prospecting_Broad,01_Video_Ellen,222.13476599999998,2.0,,,,,111.06738299999999,,,,,,,1.5426025416666667,40.698931110296805,0.026383290582631,0.013888888888888888,,,5458,144,0.013888888888888888,
2025-04-21,RMTEU_Germany_Global_Meta_Prospecting_MK_LastCall,01_Prospecting_Broad,02_Video_Lua,179.17952499999998,2.0,2.0,,,,89.58976249999999,89.58976249999999,,,,1.0,,4.977209027777778,33.89058539814639,0.006809154529979195,0.05555555555555555,,,5287,36,0.05555555555555555,1.0
2025-04-21,RMTEU_Germany_Global_Meta_Prospecting_Tech,01_Prospecting_LLA2_BST_QApps,01_Video_Elsa_2408,398.711523,3.0,2.0,2.0,1.0,,132.903841,199.3557615,199.3557615,398.711523,,0.6666666666666666,0.3333333333333333,3.7972526,20.218637068965517,0.005324543610547667,0.02857142857142857,0.6666666666666666,,19720,105,0.02857142857142857,0.6666666666666666
2025-04-21,RMTEU_Germany_Global_Meta_Prospecting_Tech,02_Prospecting_Interests_Tech,02_Video_Marie_2408,686.614026,13.0,4.0,2.0,1.0,,52.816463538461534,171.6535065,343.307013,686.614026,,0.3076923076923077,0.07692307692307693,1.5820599677419354,13.37412154502425,0.008453612263581293,0.029953917050691243,0.15384615384615385,,51339,434,0.029953917050691243,0.3076923076923077
2025-04-21,RMTEU_Germany_Global_Meta_Prospecting_Tech,03_Prospecting_Broad,03_Video_Shea_2408,539.0983219999999,3.0,1.0,1.0,1.0,,179.69944066666665,539.0983219999999,539.0983219999999,539.0983219999999,,0.3333333333333333,0.3333333333333333,5.501003285714285,28.584216436903496,0.0051961823966065745,0.030612244897959183,0.3333333333333333,,18860,98,0.030612244897959183,0.3333333333333333
2025-04-28,BER_Germany_Global_Meta_Prospecting_EN_CBO,Prospecting_FBAudience_Interests_Marie_2408,Video_AllPlacements_Static_Marie,,1.0,1.0,,,,,,,,,1.0,,,,,,,,,,,1.0
2025-04-28,RMTEU_Germany_Global_Meta_Prospecting_EN_ABO_BG,09_Prospecting_Interests_BGTech,07_Video_Dorian_2504BG_h1,463.388394,2.0,1.0,,,,231.694197,463.388394,,,,0.5,,4.371588622641509,13.63669091551161,0.003119390247491245,0.018867924528301886,,,33981,106,0.018867924528301886,0.5
2025-04-28,RMTEU_Germany_Global_Meta_Prospecting_EN_ABO_BG,Prospecting_LLA2_BG_Lua_en,01_Video_Lua,852.865832,8.0,8.0,4.0,3.0,,106.608229,106.608229,213.216458,284.28861066666667,,1.0,0.375,3.255213099236641,15.964394212230689,0.004904254721749059,0.030534351145038167,0.5,,53423,262,0.030534351145038167,1.0
2025-04-28,RMTEU_Germany_Global_Meta_Prospecting_EN_ABO_Tech,03_Prospecting_FBAudience_Marie,01_Video_Marie,,1.0,1.0,1.0,1.0,,,,,,,1.0,1.0,,,,,1.0,,,,,1.0
2025-04-28,RMTEU_Germany_Global_Meta_Prospecting_EN_BCAS,02_Prospecting_LLA,01_Video_BCAS,838.081727,9.0,3.0,1.0,,,93.12019188888888,279.36057566666665,838.081727,,,0.3333333333333333,,3.643833595652174,28.33175778371252,0.007775261147358102,0.0391304347826087,0.1111111111111111,,29581,230,0.0391304347826087,0.3333333333333333
2025-04-28,RMTEU_Germany_Global_Meta_Prospecting_EN_BCAS,03_Retargeting_Visitors_30d,R3_Image_LastCallMay25,645.1706869999999,22.0,10.0,4.0,2.0,1.0,29.325940318181814,64.5170687,161.29267174999998,322.58534349999996,645.1706869999999,0.45454545454545453,0.09090909090909091,2.346075225454545,13.811077771117866,0.005886886158325127,0.08,0.18181818181818182,0.045454545454545456,46714,275,0.08,0.45454545454545453
2025-04-28,RMTEU_Germany_Global_Meta_Prospecting_EN_BCAS,05_Prospecting_Interests_Tech,04_Video_Interview,947.302293,22.0,10.0,6.0,4.0,,43.059195136363634,94.73022929999999,157.8837155,236.82557325,,0.45454545454545453,0.18181818181818182,2.6988669316239315,15.386526759465298,0.005701106112040541,0.06267806267806268,0.2727272727272727,,61567,351,0.06267806267806268,0.45454545454545453
2025-04-28,RMTEU_Germany_Global_Meta_Prospecting_EN_BCAS,06_Prospecting_Broad,05_Video_2504Dorian,352.80903,7.0,2.0,,,,50.40129,176.404515,,,,0.2857142857142857,,3.0154617948717948,14.569854635556474,0.004831715878587653,0.05982905982905983,,,24215,117,0.05982905982905983,0.2857142857142857
2025-04-28,RMTEU_Germany_Global_Meta_Prospecting_MK_LastCall,01_Prospecting_Broad,01_Video_Ellen,319.585462,2.0,,,,,159.792731,,,,,,,1.805567581920904,54.34202720625744,0.03009692229212719,0.011299435028248588,,,5881,177,0.011299435028248588,
2025-04-28,RMTEU_Germany_Global_Meta_Prospecting_MK_LastCall,01_Prospecting_Broad,02_Video_Lua,125.64097,,,,,,,,,,,,,5.710953181818182,33.10697496706192,0.005797101449275362,,,,3795,22,,
2025-04-28,RMTEU_Germany_Global_Meta_Prospecting_Tech,01_Prospecting_LLA2_BST_QApps,01_Video_Elsa_2408,398.53928099999996,3.0,2.0,1.0,,,132.84642699999998,199.26964049999998,398.53928099999996,,,0.6666666666666666,,3.7598045377358487,20.859378258138804,0.0055479953941170316,0.02830188679245283,0.3333333333333333,,19106,106,0.02830188679245283,0.6666666666666666
2025-04-28,RMTEU_Germany_Global_Meta_Prospecting_Tech,02_Prospecting_Interests_Tech,02_Video_Marie_2408,611.985395,12.0,3.0,2.0,1.0,,50.99878291666667,203.99513166666668,305.9926975,611.985395,,0.25,0.08333333333333333,1.7790273110465118,14.013862949393177,0.007877261277765056,0.03488372093023256,0.16666666666666666,,43670,344,0.03488372093023256,0.25
2025-04-28,RMTEU_Germany_Global_Meta_Prospecting_Tech,03_Prospecting_Broad,03_Video_Shea_2408,442.61409499999996,3.0,2.0,1.0,1.0,,147.53803166666665,221.30704749999998,442.61409499999996,442.61409499999996,,0.6666666666666666,0.3333333333333333,3.4047238076923074,28.52262501611032,0.008377368217553808,0.023076923076923078,0.3333333333333333,,15518,130,0.023076923076923078,0.6666666666666666
2025-04-28,RMTEU_Germany__Global_Meta_Conversion_EN_Giveaway,,,,1.0,1.0,1.0,,,,,,,,1.0,,,,,,1.0,,,,,1.0
2025-05-05,BER_Germany_Global_Meta_Prospecting_EN_CBO_BG,Prospecting_LLA_Lua_2410,Video_AllPlacements_Static,,1.0,1.0,1.0,1.0,,,,,,,1.0,1.0,,,,,1.0,,,,,1.0
2025-05-05,RMTEU_Germany_Global_Meta_Prospecting_EN_ABO_BG,09_Prospecting_Interests_BGTech,07_Video_Dorian_2504BG_h1,477.349565,4.0,3.0,2.0,1.0,,119.33739125,159.11652166666667,238.6747825,477.349565,,0.75,0.25,3.945037727272727,20.74170352828713,0.005257669244807509,0.03305785123966942,0.5,,23014,121,0.03305785123966942,0.75
2025-05-05,RMTEU_Germany_Global_Meta_Prospecting_EN_ABO_BG,Prospecting_LLA2_BG_Lua_en,01_Video_Lua,767.33811,10.0,6.0,3.0,2.0,,76.733811,127.889685,255.77937,383.669055,,0.6,0.2,3.689125528846154,20.890180496569748,0.005662637482304258,0.04807692307692308,0.3,,36732,208,0.04807692307692308,0.6
2025-05-05,RMTEU_Germany_Global_Meta_Prospecting_EN_ABO_Tech,10_Prospecting_LLA_BST_BCAS,08_Video_BCAS,,1.0,1.0,1.0,,,,,,,,1.0,,,,,,1.0,,,,,1.0
2025-05-05,RMTEU_Germany_Global_Meta_Prospecting_EN_BCAS,02_Prospecting_LLA,01_Video_BCAS,666.490419,8.0,4.0,1.0,,,83.311302375,166.62260475,666.490419,,,0.5,,3.8304047068965517,24.82550821320818,0.006481171080567661,0.04597701149425287,0.125,,26847,174,0.04597701149425287,0.5
2025-05-05,RMTEU_Germany_Global_Meta_Prospecting_EN_BCAS,03_Retargeting_Visitors_30d,02_Image_RTG,,1.0,1.0,,,,,,,,,1.0,,,,,,,,,,,1.0
2025-05-05,RMTEU_Germany_Global_Meta_Prospecting_EN_BCAS,03_Retargeting_Visitors_30d,R3_Image_LastCallMay25,494.19100499999996,21.0,10.0,6.0,2.0,,23.532905,49.4191005,82.3651675,247.09550249999998,,0.47619047619047616,0.09523809523809523,2.2161031614349773,15.391522517752584,0.006945309580166936,0.09417040358744394,0.2857142857142857,,32108,223,0.09417040358744394,0.47619047619047616
2025-05-05,RMTEU_Germany_Global_Meta_Prospecting_EN_BCAS,05_Prospecting_Interests_Tech,04_Video_Interview,944.4028860000001,16.0,5.0,1.0,,,59.025180375000005,188.8805772,944.4028860000001,,,0.3125,,2.777655547058824,14.03982526090447,0.005054559510005055,0.047058823529411764,0.0625,,67266,340,0.047058823529411764,0.3125
2025-05-05,RMTEU_Germany_Global_Meta_Prospecting_EN_BCAS,06_Prospecting_Broad,05_Video_2504Dorian,412.99803999999995,8.0,3.0,2.0,1.0,,51.62475499999999,137.66601333333332,206.49901999999997,412.99803999999995,,0.375,0.125,3.5603279310344824,17.456276258506275,0.004902996745424574,0.06896551724137931,0.25,,23659,116,0.06896551724137931,0.375
2025-05-05,RMTEU_Germany_Global_Meta_Prospecting_MK_LastCall,01_Prospecting_Broad,01_Video_Ellen,35.300041,,,,,,,,,,,,,1.4708350416666667,62.81146085409253,0.042704626334519574,,,,562,24,,
2025-05-05,RMTEU_Germany_Global_Meta_Prospecting_MK_LastCall,01_Prospecting_Broad,02_Video_Lua,371.832202,2.0,,,,,185.916101,,,,,,,1.868503527638191,74.42598118494796,0.03983186549239392,0.010050251256281407,,,4996,199,0.010050251256281407,
2025-05-05,RMTEU_Germany_Global_Meta_Prospecting_Tech,01_Prospecting_LLA2_BST_QApps,01_Video_Elsa_2408,77.078295,1.0,1.0,,,,77.078295,77.078295,,,,1.0,,3.5035588636363637,22.858331850533805,0.006524317912218268,0.045454545454545456,,,3372,22,0.045454545454545456,1.0
2025-05-05,RMTEU_Germany_Global_Meta_Prospecting_Tech,02_Prospecting_Interests_Tech,02_Video_Marie_2408,479.339917,5.0,2.0,1.0,,,95.8679834,239.6699585,479.339917,,,0.4,,1.9406474372469635,17.097300506491653,0.008810101298330719,0.020242914979757085,0.2,,28036,247,0.020242914979757085,0.4
2025-05-05,RMTEU_Germany_Global_Meta_Prospecting_Tech,03_Prospecting_Broad,03_Video_Shea_2408,454.61362099999997,3.0,,,,,151.53787366666666,,,,,,,2.8956281592356685,39.53505704843899,0.01365336116184016,0.01910828025477707,,,11499,157,0.01910828025477707,
2025-05-12,RMTEU_Germany_Global_Meta_Prospecting_EN_ABO_BG,09_Prospecting_Interests_BGTech,07_Video_Dorian_2504BG_h1,455.15905399999997,2.0,,,,,227.57952699999998,,,,,,,2.9555782727272724,17.76715801389648,0.006011398235615583,0.012987012987012988,,,25618,154,0.012987012987012988,
2025-05-12,RMTEU_Germany_Global_Meta_Prospecting_EN_ABO_BG,Prospecting_LLA2_BG_Lua_en,01_Video_Lua,767.328541,7.0,2.0,1.0,,,109.618363,383.6642705,767.328541,,,0.2857142857142857,,2.841957559259259,14.285447760360427,0.005026622482034479,0.025925925925925925,0.14285714285714285,,53714,270,0.025925925925925925,0.2857142857142857
2025-05-12,RMTEU_Germany_Global_Meta_Prospecting_EN_BCAS,02_Prospecting_LLA,01_Video_BCAS,598.273018,10.0,9.0,6.0,,,59.8273018,66.47477977777777,99.71216966666667,,,0.9,,3.41870296,23.415773698630137,0.00684931506849315,0.05714285714285714,0.6,,25550,175,0.05714285714285714,0.9
2025-05-12,RMTEU_Germany_Global_Meta_Prospecting_EN_BCAS,03_Retargeting_Visitors_30d,R3_Image_LastCallMay25,449.867397,17.0,11.0,5.0,1.0,,26.462788058823527,40.89703609090909,89.9734794,449.867397,,0.6470588235294118,0.058823529411764705,2.2720575606060605,13.931665076956426,0.00613173949397665,0.08585858585858586,0.29411764705882354,,32291,198,0.08585858585858586,0.6470588235294118
2025-05-12,RMTEU_Germany_Global_Meta_Prospecting_EN_BCAS,05_Prospecting_Interests_Tech,04_Video_Interview,944.5177140000001,9.0,2.0,,,,104.94641266666667,472.25885700000003,,,,0.2222222222222222,,2.6236603166666668,14.320638526267912,0.005458267000227428,0.025,,,65955,360,0.025,0.2222222222222222
2025-05-12,RMTEU_Germany_Global_Meta_Prospecting_EN_BCAS,06_Prospecting_Broad,05_Video_2504Dorian,416.519432,9.0,2.0,2.0,1.0,,46.27993688888889,208.259716,208.259716,416.519432,,0.2222222222222222,0.1111111111111111,2.9332354366197184,14.884731158203195,0.005074509523639353,0.06338028169014084,0.2222222222222222,,27983,142,0.06338028169014084,0.2222222222222222
2025-05-12,RMTEU_Germany_Global_Meta_Prospecting_MK_LastCall,01_Prospecting_Broad,02_Video_Lua,392.29072399999995,,,,,,,,,,,,,1.6077488688524588,147.9783945680875,0.0920407393436439,,,,2651,244,,
2025-05-12,RMTEU_Germany_Global_Meta_Prospecting_Tech,02_Prospecting_Interests_Tech,02_Video_Marie_2408,439.963482,2.0,1.0,,,,219.981741,439.963482,,,,0.5,,2.0851349857819903,16.118830628320204,0.007730353544605239,0.009478672985781991,,,27295,211,0.009478672985781991,0.5
2025-05-12,RMTEU_Germany_Global_Meta_Prospecting_Tech,03_Prospecting_Broad,03_Video_Shea_2408,434.844067,1.0,,,,,434.844067,,,,,,,2.185146065326633,40.69287544450683,0.018622496724686504,0.005025125628140704,,,10686,199,0.005025125628140704,
2025-05-19,RMTEU_Germany_Global_Meta_Prospecting_EN_ABO_BG,03_Prospecting_FBAudience_Interests_Lua,01_Video_Lua,,1.0,1.0,1.0,1.0,,,,,,,1.0,1.0,,,,,1.0,,,,,1.0
2025-05-19,RMTEU_Germany_Global_Meta_Prospecting_EN_ABO_BG,09_Prospecting_Interests_BGTech,07_Video_Dorian_2504BG_h1,100.93381199999999,1.0,1.0,1.0,1.0,,100.93381199999999,100.93381199999999,100.93381199999999,100.93381199999999,,1.0,1.0,2.403186,20.841175304563283,0.008672310551311171,0.023809523809523808,1.0,,4843,42,0.023809523809523808,1.0
2025-05-19,RMTEU_Germany_Global_Meta_Prospecting_EN_ABO_BG,Prospecting_LLA2_BG_Lua_en,01_Video_Lua,167.007757,2.0,,,,,83.5038785,,,,,,,3.6306034130434783,15.197721084721085,0.004186004186004186,0.043478260869565216,,,10989,46,0.043478260869565216,
2025-05-19,RMTEU_Germany_Global_Meta_Prospecting_EN_BCAS,02_Prospecting_LLA,01_Video_BCAS,762.2761089999999,8.0,7.0,5.0,2.0,,95.28451362499999,108.89658699999998,152.45522179999998,381.13805449999995,,0.875,0.25,3.909108251282051,24.649187033144702,0.006305578011317704,0.041025641025641026,0.625,,30925,195,0.041025641025641026,0.875
2025-05-19,RMTEU_Germany_Global_Meta_Prospecting_EN_BCAS,03_Retargeting_Visitors_30d,R3_Image_LastCallMay25,615.344114,21.0,14.0,8.0,3.0,1.0,29.302100666666668,43.953151,76.91801425,205.11470466666665,615.344114,0.6666666666666666,0.14285714285714285,2.3220532603773583,13.739039787443065,0.0059167634187728855,0.07924528301886792,0.38095238095238093,0.047619047619047616,44788,265,0.07924528301886792,0.6666666666666666
2025-05-19,RMTEU_Germany_Global_Meta_Prospecting_EN_BCAS,05_Prospecting_Interests_Tech,04_Video_Interview,903.5815319999999,10.0,4.0,3.0,2.0,,90.35815319999999,225.89538299999998,301.19384399999996,451.79076599999996,,0.4,0.2,2.673318142011834,16.595311710255654,0.006207757860711137,0.029585798816568046,0.3,,54448,338,0.029585798816568046,0.4
2025-05-19,RMTEU_Germany_Global_Meta_Prospecting_EN_BCAS,06_Prospecting_Broad,05_Video_2504Dorian,620.463529,18.0,12.0,9.0,4.0,,34.470196055555554,51.705294083333335,68.94039211111111,155.11588225,,0.6666666666666666,0.2222222222222222,3.0564705862068964,15.220869615346874,0.004979884211559219,0.08866995073891626,0.5,,40764,203,0.08866995073891626,0.6666666666666666
2025-05-19,RMTEU_Germany_Global_Meta_Prospecting_MK_LastCall,01_Prospecting_Broad,02_Video_Lua,87.862558,,,,,,,,,,,,,1.9968763181818183,145.70905140961858,0.07296849087893864,,,,603,44,,
2025-05-19,RMTEU_Germany_Global_Meta_Prospecting_Tech,02_Prospecting_Interests_Tech,02_Video_Marie_2408,83.078058,4.0,2.0,2.0,,,20.7695145,41.539029,41.539029,,,0.5,,1.6289815294117647,17.207551367025683,0.01056338028169014,0.0784313725490196,0.5,,4828,51,0.0784313725490196,0.5
2025-05-19,RMTEU_Germany_Global_Meta_Prospecting_Tech,03_Prospecting_Broad,03_Video_Shea_2408,88.082645,,,,,,,,,,,,,1.957392111111111,41.25650819672131,0.02107728337236534,,,,2135,45,,
2025-05-19,RMTEU_Germany_Global_Meta_Prospecting_Tech,04_Prospecting_Broad_Marie_2408,02_Video_Marie_2408,469.349881,10.0,2.0,2.0,,,46.9349881,234.6749405,234.6749405,,,0.2,,2.1431501415525114,16.47766749754248,0.0076885268922904084,0.045662100456621,0.2,,28484,219,0.045662100456621,0.2
2025-05-19,RMTEU_Germany_Global_Meta_Prospecting_Tech,05_Prospecting_Broad_Elsa_2505,04_Video_Elsa_2505,470.278074,6.0,2.0,1.0,,,78.379679,235.139037,470.278074,,,0.3333333333333333,,2.79927425,14.102983086427159,0.00503808552749955,0.03571428571428571,0.16666666666666666,,33346,168,0.03571428571428571,0.3333333333333333
2025-05-19,RMTEU_Germany_Global_Meta_TypeformQualified_BG,01_Prospecting_Broad,01_Video_LuaCurreUnemployeed,479.19638199999997,,,,,,,,,,,,,1.3348088635097493,4.818610737377698,0.00360996309592044,,,,99447,359,,
2025-05-19,RMTEU_Germany_Global_Meta_TypeformQualified_BG,01_Prospecting_Broad,02_Video_DorIfYouUnemployeed,354.808951,,,,,,,,,,,,,1.3594212681992337,5.004145818935729,0.0036810854265686924,,,,70903,261,,
2025-05-19,RMTEU_Germany_Global_Meta_TypeformQualified_BG,01_Prospecting_Broad,,,4.0,3.0,2.0,2.0,,,,,,,0.75,0.5,,,,,0.5,,,,,0.75
2025-05-26,RMTEU_Germany_Global_Meta_Prospecting_EN_ABO_BG,Prospecting_LLA2_BG_Lua_en,01_Video_Lua,,1.0,,,,,,,,,,,,,,,,,,,,,
2025-05-26,RMTEU_Germany_Global_Meta_Prospecting_EN_ABO_Tech,10_Prospecting_LLA_BST_BCAS,08_Video_BCAS,,1.0,1.0,,,,,,,,,1.0,,,,,,,,,,,1.0
2025-05-26,RMTEU_Germany_Global_Meta_Prospecting_EN_BCAS,02_Prospecting_LLA,01_Video_BCAS,766.984057,7.0,2.0,2.0,1.0,1.0,109.569151,383.4920285,383.4920285,766.984057,766.984057,0.2857142857142857,0.14285714285714285,2.9052426401515152,24.906122974508847,0.008572820263029713,0.026515151515151516,0.2857142857142857,0.14285714285714285,30795,264,0.026515151515151516,0.2857142857142857
2025-05-26,RMTEU_Germany_Global_Meta_Prospecting_EN_BCAS,03_Retargeting_Visitors_30d,R3_Image_LastCallMay25,807.872394,28.0,19.0,11.0,3.0,1.0,28.8525855,42.519599684210526,73.44294490909091,269.290798,807.872394,0.6785714285714286,0.10714285714285714,2.606039980645161,13.984289319716115,0.005366106975939069,0.09032258064516129,0.39285714285714285,0.03571428571428571,57770,310,0.09032258064516129,0.6785714285714286
2025-05-26,RMTEU_Germany_Global_Meta_Prospecting_EN_BCAS,05_Prospecting_Interests_Tech,04_Video_Interview,906.5000769999999,16.0,8.0,3.0,,,56.656254812499995,113.31250962499999,302.1666923333333,,,0.5,,2.7304219186746987,17.20309858807454,0.006300527574296884,0.04819277108433735,0.1875,,52694,332,0.04819277108433735,0.5
2025-05-26,RMTEU_Germany_Global_Meta_Prospecting_EN_BCAS,06_Prospecting_Broad,05_Video_2504Dorian,921.6286660000001,11.0,4.0,3.0,1.0,,83.78442418181818,230.40716650000002,307.20955533333336,921.6286660000001,,0.36363636363636365,0.09090909090909091,3.6718273545816738,18.43552300368059,0.005020803328532566,0.043824701195219126,0.2727272727272727,,49992,251,0.043824701195219126,0.36363636363636365
2025-05-26,RMTEU_Germany_Global_Meta_Prospecting_Tech,04_Prospecting_Broad_Marie_2408,02_Video_Marie_2408,701.493821,10.0,5.0,5.0,2.0,,70.1493821,140.2987642,140.2987642,350.7469105,,0.5,0.2,2.4106316872852234,19.836382224861442,0.008228707159823549,0.03436426116838488,0.5,,35364,291,0.03436426116838488,0.5
2025-05-26,RMTEU_Germany_Global_Meta_Prospecting_Tech,05_Prospecting_Broad_Elsa_2505,04_Video_Elsa_2505,723.847005,7.0,3.0,3.0,2.0,,103.40671499999999,241.282335,241.282335,361.9235025,,0.42857142857142855,0.2857142857142857,2.147913961424332,28.12804091862905,0.013095515660216056,0.020771513353115726,0.42857142857142855,,25734,337,0.020771513353115726,0.42857142857142855
2025-05-26,RMTEU_Germany_Global_Meta_TypeformQualified_BG,01_Prospecting_Broad,01_Video_LuaCurreUnemployeed,682.07832,,,,,,,,,,,,,1.9827858139534882,6.163451136312293,0.0031084805494058644,,,,110665,344,,
2025-05-26,RMTEU_Germany_Global_Meta_TypeformQualified_BG,01_Prospecting_Broad,02_Video_DorIfYouUnemployeed,413.112868,,,,,,,,,,,,,1.9214552,6.238961987465077,0.0032469984142565883,,,,66215,215,,
2025-05-26,RMTEU_Germany_Global_Meta_TypeformQualified_BG,01_Prospecting_Broad,,,4.0,1.0,1.0,,,,,,,,0.25,,,,,,0.25,,,,,0.25
2025-05-26,RMTEU_Germany_Global_Meta_TypeformQualified_RTG_BG,01_Retargeting_Visitors_30d_BG,01_Image_RTG_BGGroup,109.153583,,,,,,,,,,,,,4.042725296296296,19.456966666666666,0.004812834224598931,,,,5610,27,,
2025-05-26,RMTEU_Germany_Global_Meta_TypeformQualified_RTG_BG,01_Retargeting_Visitors_30d_BG,02_Image_RTG_BGBoy,46.352236000000005,,,,,,,,,,,,,3.3108740000000005,9.824551928783384,0.002967359050445104,,,,4718,14,,
2025-06-02,RMTEU_Germany_Global_Meta_Prospecting_EN_BCAS,02_Prospecting_LLA,01_Video_BCAS,657.897457,7.0,6.0,2.0,1.0,,93.98535100000001,109.64957616666668,328.9487285,657.897457,,0.8571428571428571,0.14285714285714285,2.590147468503937,20.581163016955518,0.007945942563974222,0.027559055118110236,0.2857142857142857,,31966,254,0.027559055118110236,0.8571428571428571
2025-06-02,RMTEU_Germany_Global_Meta_Prospecting_EN_BCAS,03_Retargeting_Visitors_30d,R3_Image_LastCallMay25,769.9504469999999,24.0,13.0,11.0,6.0,2.0,32.081268625,59.226957461538454,69.99549518181817,128.3250745,384.97522349999997,0.5416666666666666,0.25,2.645877824742268,13.750588402328821,0.0051969853912919245,0.08247422680412371,0.4583333333333333,0.08333333333333333,55994,291,0.08247422680412371,0.5416666666666666
2025-06-02,RMTEU_Germany_Global_Meta_Prospecting_EN_BCAS,05_Prospecting_Interests_Tech,04_Video_Interview,785.32783,12.0,5.0,5.0,2.0,,65.44398583333333,157.065566,157.065566,392.663915,,0.4166666666666667,0.16666666666666666,2.80474225,15.039120435090675,0.005362032976502806,0.04285714285714286,0.4166666666666667,,52219,280,0.04285714285714286,0.4166666666666667
2025-06-02,RMTEU_Germany_Global_Meta_Prospecting_EN_BCAS,06_Prospecting_Broad,05_Video_2504Dorian,820.245111,14.0,7.0,3.0,2.0,,58.588936499999996,117.17787299999999,273.415037,410.1225555,,0.5,0.14285714285714285,3.0720790674157303,17.988225860216232,0.005855391565604509,0.052434456928838954,0.21428571428571427,,45599,267,0.052434456928838954,0.5
2025-06-02,RMTEU_Germany_Global_Meta_Prospecting_Tech,04_Prospecting_Broad_Marie_2408,02_Video_Marie_2408,642.548781,8.0,2.0,1.0,1.0,,80.318597625,321.2743905,642.548781,642.548781,,0.25,0.125,2.4155969210526314,21.056817335736522,0.008717024414222514,0.03007518796992481,0.125,,30515,266,0.03007518796992481,0.25
2025-06-02,RMTEU_Germany_Global_Meta_Prospecting_Tech,05_Prospecting_Broad_Elsa_2505,04_Video_Elsa_2505,599.832765,5.0,4.0,3.0,2.0,1.0,119.966553,149.95819125,199.944255,299.9163825,599.832765,0.8,0.4,2.134636174377224,24.447047807303555,0.011452559504401695,0.017793594306049824,0.6,0.2,24536,281,0.017793594306049824,0.8
2025-06-02,RMTEU_Germany_Global_Meta_TypeformQualified_BG,01_Prospecting_Broad,01_Video_LuaCurreUnemployeed,544.811015,,,,,,,,,,,,,2.1449252559055116,7.1056436424817075,0.0033127698146674838,,,,76673,254,,
2025-06-02,RMTEU_Germany_Global_Meta_TypeformQualified_BG,01_Prospecting_Broad,02_Video_DorIfYouUnemployeed,170.58656299999998,,,,,,,,,,,,,1.8745776153846152,8.350216016447208,0.004454452004503402,,,,20429,91,,
2025-06-02,RMTEU_Germany_Global_Meta_TypeformQualified_BG,01_Prospecting_Broad,03_Video_Dorian2_Unemployeed,264.506298,,,,,,,,,,,,,2.5433297884615387,14.143965456392706,0.0055611999358323085,,,,18701,104,,
2025-06-02,RMTEU_Germany_Global_Meta_TypeformQualified_BG,01_Prospecting_Broad,,,1.0,,,,,,,,,,,,,,,,,,,,,
2025-06-02,RMTEU_Germany_Global_Meta_TypeformQualified_RTG_BG,01_Retargeting_Visitors_30d_BG,01_Image_RTG_BGGroup,37.567893999999995,,,,,,,,,,,,,3.130657833333333,16.94537392873252,0.005412719891745603,,,,2217,12,,
2025-06-02,RMTEU_Germany_Global_Meta_TypeformQualified_RTG_BG,01_Retargeting_Visitors_30d_BG,02_Image_RTG_BGBoy,15.568762999999999,,,,,,,,,,,,,2.594793833333333,11.200548920863309,0.004316546762589928,,,,1390,6,,
2025-06-09,RMTEU_Germany_Global_Meta_Prospecting_BG,01_Prospecting_Broad,01_Video_LuaCurreUnemployeed,100.560621,,,,,,,,,,,,,4.3722009130434785,15.786596703296702,0.003610675039246468,,,,6370,23,,
2025-06-09,RMTEU_Germany_Global_Meta_Prospecting_BG,01_Prospecting_Broad,02_Video_DorianUnemplotedGer,62.026258,,,,,,,,,,,,,5.1688548333333335,14.971339126237027,0.002896451846488052,,,,4143,12,,
2025-06-09,RMTEU_Germany_Global_Meta_Prospecting_BG,01_Prospecting_Broad,03_Video_SheaHowToGetFree,85.039703,,,,,,,,,,,,,3.40158812,18.205888032541214,0.005352172982230786,,,,4671,25,,
2025-06-09,RMTEU_Germany_Global_Meta_Prospecting_BG,01_Prospecting_Broad,04_Image_UnemplotedStudyFree,399.285663,,,,,,,,,,,,,2.0476187846153846,18.918111579645597,0.009239078934900028,,,,21106,195,,
2025-06-09,RMTEU_Germany_Global_Meta_Prospecting_EN_ABO_BG,04_Prospecting_Interests_Dorian,03_Video_BG_DEC_1_1,,1.0,1.0,1.0,1.0,,,,,,,1.0,1.0,,,,,1.0,,,,,1.0
2025-06-09,RMTEU_Germany_Global_Meta_Prospecting_EN_BCAS,02_Prospecting_LLA,01_Video_BCAS,594.110503,7.0,3.0,2.0,,,84.872929,198.03683433333333,297.0552515,,,0.42857142857142855,,2.842633985645933,21.771859535326886,0.007659044268542949,0.03349282296650718,0.2857142857142857,,27288,209,0.03349282296650718,0.42857142857142855
2025-06-09,RMTEU_Germany_Global_Meta_Prospecting_EN_BCAS,03_Retargeting_Visitors_30d,02_Image_RTG,,1.0,1.0,,,,,,,,,1.0,,,,,,,,,,,1.0
2025-06-09,RMTEU_Germany_Global_Meta_Prospecting_EN_BCAS,03_Retargeting_Visitors_30d,R3_Image_LastCallMay25,837.0961199999999,23.0,13.0,10.0,4.0,,36.395483478260864,64.39200923076922,83.70961199999999,209.27402999999998,,0.5652173913043478,0.17391304347826086,2.575680369230769,22.411011994002997,0.008701006639537373,0.07076923076923076,0.43478260869565216,,37352,325,0.07076923076923076,0.5652173913043478
2025-06-09,RMTEU_Germany_Global_Meta_Prospecting_EN_BCAS,05_Prospecting_Interests_Tech,04_Video_Interview,595.603267,14.0,4.0,3.0,2.0,,42.5430905,148.90081675,198.5344223333333,297.8016335,,0.2857142857142857,0.14285714285714285,2.5453131068376065,13.019788987015257,0.005115201329077952,0.05982905982905983,0.21428571428571427,,45746,234,0.05982905982905983,0.2857142857142857
2025-06-09,RMTEU_Germany_Global_Meta_Prospecting_EN_BCAS,06_Prospecting_Broad,05_Video_2504Dorian,861.7362949999999,7.0,5.0,5.0,3.0,,123.10518499999999,172.34725899999998,172.34725899999998,287.24543166666666,,0.7142857142857143,0.42857142857142855,2.5723471492537313,23.493355916030534,0.009133042529989095,0.020895522388059702,0.7142857142857143,,36680,335,0.020895522388059702,0.7142857142857143
2025-06-09,RMTEU_Germany_Global_Meta_Prospecting_Tech,04_Prospecting_Broad_Marie_2408,02_Video_Marie_2408,116.052832,,,,,,,,,,,,,2.1100514909090906,16.54352558802566,0.007840342124019958,,,,7015,55,,
2025-06-09,RMTEU_Germany_Global_Meta_Prospecting_Tech,05_Prospecting_Broad_Elsa_2505,04_Video_Elsa_2505,109.785137,2.0,,,,,54.8925685,,,,,,,1.715392765625,28.236917952674897,0.01646090534979424,0.03125,,,3888,64,0.03125,
2025-06-09,RMTEU_Germany_Global_Meta_Prospecting_Tech,06_Prospecting_Broad,02_Video_Marie_2408,222.335715,5.0,3.0,1.0,,,44.467143,74.111905,222.335715,,,0.6,,3.222256739130435,23.475421286031043,0.007285397529299968,0.07246376811594203,0.2,,9471,69,0.07246376811594203,0.6
2025-06-09,RMTEU_Germany_Global_Meta_Prospecting_Tech,06_Prospecting_Broad,04_Video_Elsa_2505,649.6298409999999,6.0,2.0,,,,108.27164016666666,324.81492049999997,,,,0.3333333333333333,,3.4191044263157893,21.020898297954954,0.006148071447061869,0.031578947368421054,,,30904,190,0.031578947368421054,0.3333333333333333
2025-06-09,RMTEU_Germany_Global_Meta_TypeformQualified_BG,01_Prospecting_Broad,01_Video_LuaCurreUnemployeed,214.211634,,,,,,,,,,,,,1.8153528305084745,4.868999522673032,0.0026821229685191498,,,,43995,118,,
2025-06-09,RMTEU_Germany_Global_Meta_TypeformQualified_BG,01_Prospecting_Broad,03_Video_Dorian2_Unemployeed,145.276558,,,,,,,,,,,,,1.9631967297297297,9.053755328430762,0.00461174124392372,,,,16046,74,,
2025-06-09,RMTEU_Germany_Global_Meta_TypeformQualified_BG,01_Prospecting_Broad,,,1.0,1.0,1.0,1.0,,,,,,,1.0,1.0,,,,,1.0,,,,,1.0
2025-06-16,RMTEU_Germany_Global_Meta_Prospecting_BG,01_Prospecting_Broad,01_Video_LuaCurreUnemployeed,577.824065,3.0,2.0,2.0,1.0,,192.60802166666667,288.9120325,288.9120325,577.824065,,0.6666666666666666,0.3333333333333333,3.480867861445783,11.351919706881986,0.003261232588750712,0.018072289156626505,0.6666666666666666,,50901,166,0.018072289156626505,0.6666666666666666
2025-06-16,RMTEU_Germany_Global_Meta_Prospecting_BG,01_Prospecting_Broad,02_Video_DorianUnemplotedGer,75.71949699999999,1.0,,,,,75.71949699999999,,,,,,,3.605690333333333,17.248176993166286,0.004783599088838269,0.047619047619047616,,,4390,21,0.047619047619047616,
2025-06-16,RMTEU_Germany_Global_Meta_Prospecting_BG,01_Prospecting_Broad,03_Video_SheaHowToGetFree,50.371216,,,,,,,,,,,,,4.197601333333333,20.092228161148782,0.004786597526924611,,,,2507,12,,
2025-06-16,RMTEU_Germany_Global_Meta_Prospecting_BG,01_Prospecting_Broad,04_Image_UnemplotedStudyFree,241.004834,1.0,,,,,241.004834,,,,,,,1.6284110405405405,33.35707044982699,0.020484429065743943,0.006756756756756757,,,7225,148,0.006756756756756757,
2025-06-16,RMTEU_Germany_Global_Meta_Prospecting_BG,01_Prospecting_Broad,05_Video_ElsaIfYouUnemploted,352.70377099999996,5.0,1.0,1.0,,,70.5407542,352.70377099999996,352.70377099999996,,,0.2,,4.149456129411765,16.66369512425588,0.004015874515732779,0.058823529411764705,0.2,,21166,85,0.058823529411764705,0.2
2025-06-16,RMTEU_Germany_Global_Meta_Prospecting_EN_BCAS,02_Prospecting_LLA,01_Video_BCAS,588.464793,8.0,4.0,3.0,1.0,,73.558099125,147.11619825,196.154931,588.464793,,0.5,0.125,3.2511867016574585,20.90535340509432,0.006430068563714519,0.04419889502762431,0.375,,28149,181,0.04419889502762431,0.5
2025-06-16,RMTEU_Germany_Global_Meta_Prospecting_EN_BCAS,03_Retargeting_Visitors_30d,R3_Image_LastCallMay25,1106.721833,36.0,25.0,16.0,6.0,,30.74227313888889,44.268873320000004,69.1701145625,184.45363883333334,,0.6944444444444444,0.16666666666666666,2.927835537037037,16.337065571350546,0.005579912315663611,0.09523809523809523,0.4444444444444444,,67743,378,0.09523809523809523,0.6944444444444444
2025-06-16,RMTEU_Germany_Global_Meta_Prospecting_EN_BCAS,05_Prospecting_Interests_Tech,04_Video_Interview,623.161987,8.0,4.0,3.0,1.0,,77.895248375,155.79049675,207.7206623333333,623.161987,,0.5,0.125,3.1472827626262623,13.780671981424149,0.00437859354268023,0.04040404040404041,0.375,,45220,198,0.04040404040404041,0.5
2025-06-16,RMTEU_Germany_Global_Meta_Prospecting_EN_BCAS,06_Prospecting_Broad,05_Video_2504Dorian,743.166816,1.0,1.0,1.0,,,743.166816,743.166816,743.166816,,,1.0,,2.381944923076923,33.12090275425617,0.013904982618771726,0.003205128205128205,1.0,,22438,312,0.003205128205128205,1.0
2025-06-16,RMTEU_Germany_Global_Meta_Prospecting_Tech,01_Prospecting_LLA2_BST_QApps,01_Video_Elsa_2408,,1.0,1.0,1.0,,,,,,,,1.0,,,,,,1.0,,,,,1.0
2025-06-16,RMTEU_Germany_Global_Meta_Prospecting_Tech,06_Prospecting_Broad,02_Video_Marie_2408,443.398753,4.0,3.0,2.0,,,110.84968825,147.79958433333334,221.6993765,,,0.75,,4.183007103773585,23.184248522875816,0.005542483660130719,0.03773584905660377,0.5,,19125,106,0.03773584905660377,0.75
2025-06-16,RMTEU_Germany_Global_Meta_Prospecting_Tech,06_Prospecting_Broad,04_Video_Elsa_2505,612.865743,4.0,1.0,,,,153.21643575,612.865743,,,,0.25,,3.443065971910112,17.591370102471366,0.005109216682453573,0.02247191011235955,,,34839,178,0.02247191011235955,0.25
